station,93001,90001,92001,92003,90003,92005,93003,90007,90007A,94001,90009,90011,90013,
CHURCHGATE,,,,,,,,,,,,04:15,,
Marine Lines,,,,,,,,,,,,04:18,,
Charni Road,,,,,,,,,,,,04:20,,
Grant Road,,,,,,,,,,,,04:23,,
M'BAI CENTRAL (L),,,,,,,,,,,,04:25,,
Mahalakshmi,,,,,,,,,,,,04:28,,
Lower Parel,,,,,,,,,,,,04:31,,
Prabhadevi,,,,,,,,,,,,04:34,,
DADAR,,,,,,,,,,,,04:36,,
Matunga Road,,,,,,,,,,,,04:38,,
Mahim Jn.,,,,,,,,,,,,04:41,,
BANDRA,,04:05,,,,,,,04:30,,,04:45,,
Khar Road,,04:09,,,,,,,04:34,,,04:48,,
Santa Cruz,,04:12,,,,,,,04:37,,,04:50,,
Vile Parle,,04:15,,,,,,,04:40,,,04:53,,
ANDHERI,,04:20,,04:25,,04:40,,,04:45,,,04:58,,
Jogeshwari,,04:23,,04:29,,04:44,,,04:48,,,05:01,,
Ram Mandir,,04:26,,04:32,,04:47,,,,,,,,
Goregaon,,04:28,,04:34,,04:49,,,04:53,,,05:06,,
Malad,,04:32,,04:38,,04:53,,,04:58,,,05:10,,
Kandivli,,04:35,,04:41,,04:56,,,05:01,,,05:13,,
BORIVALI,,04:42,04:40,04:46,,05:01,,04:56,05:06,05:07,,05:20,05:21,
Dahisar,,,04:45,04:50,,05:05,,05:00,05:11,05:11,,05:24,05:25,
Mira Road,,,04:49,04:55,,05:10,,05:05,05:16,05:16,,05:29,05:30,
Bhayandar,,,04:54,05:00,05:08,05:15,,05:10,05:21,05:21,05:25,05:34,05:35,
Naigaon,,,04:59,05:06,05:14,05:21,,05:16,,05:27,05:31,05:40,05:41,
Vasai Road,,,05:04,05:11,05:19,05:26,,05:21,,05:32,05:36,05:45,05:48,
Nalla Sopara,,,05:09,05:16,05:24,05:31,,05:26,,05:37,05:41,05:50,,
VIRAR,04:50,,05:15,05:23,05:31,05:38,05:35,05:39,,05:45,05:48,05:58,,
W.E.F.  19.02.2026,,,,,,,,,,,,,,
STATIONS,,,,,,,,,,,,,,
DN TRAINS,,,,,,,,,,,,,,
CHURCHGATE,04:18,,04:38,04:40,,04:46,,04:55,,05:03,05:00,05:07,,
Marine Lines,04:21,,04:41,04:43,,04:49,,04:58,,05:06,05:03,05:10,,
Charni Road,04:23,,04:43,04:45,,04:51,,05:00,,05:09,05:05,05:12,,
Grant Road,04:26,,04:46,04:48,,04:54,,05:03,,05:11,05:08,05:15,,
M'BAI CENTRAL (L),04:28,,04:48,04:50,,04:56,,05:05,,05:13,05:10,05:17,,
Mahalakshmi,04:31,,04:51,,,04:59,,05:08,,,05:13,,,
Lower Parel,04:34,,04:54,,,05:02,,05:11,,,05:16,,,
Prabhadevi,04:37,,04:57,,,05:05,,05:14,,,05:19,,,
DADAR,04:39,,04:59,04:57,,05:07,,05:16,05:15,05:20,05:21,05:24,,
Matunga Road,04:41,,05:01,,,05:09,,05:18,,,05:23,,,
Mahim Jn.,04:44,,05:04,,,05:12,,05:21,,,05:26,,,
BANDRA,04:48,04:55,05:08,05:03,,05:16,05:20,05:25,05:22,05:27,05:30,05:30,,
Khar Road,04:51,04:58,05:11,,,05:19,05:23,05:28,,,05:33,,,
Santa Cruz,04:53,05:00,05:13,,,05:21,05:25,05:30,,,05:35,,,
Vile Parle,04:56,05:03,05:16,,,05:24,05:28,05:33,,,05:38,,,
ANDHERI,05:01,05:08,05:22,05:12,,05:28,05:33,05:37,05:32,05:36,05:43,05:40,,
Jogeshwari,05:04,05:12,05:25,,,05:31,05:36,05:40,,,05:46,,,
Ram Mandir,05:07,05:15,05:28,,,05:34,05:39,05:43,,,05:49,,,
Goregaon,05:09,05:17,05:30,,,05:36,05:41,05:45,,,05:51,,,
Malad,05:13,05:21,05:34,,,05:40,05:45,05:49,,,05:55,,,
Kandivli,05:16,05:24,05:37,,,05:43,05:48,05:52,,,05:58,,,
BORIVALI,05:22,05:30,05:44,05:26,,05:49,05:55,05:58,05:45,05:49,06:05,05:54,,
Dahisar,,,,05:30,,,,,05:50,,,05:58,,
Mira Road,,,,05:35,,,,,05:54,,,06:02,,
Bhayandar,,,,05:40,05:45,,,,05:59,05:58,,06:07,06:08,
Naigaon,,,,05:45,05:52,,,,06:04,,,06:12,06:15,
Vasai Road,,,,05:50,05:57,,,,06:09,06:05,,06:17,06:21,
Nalla Sopara,,,,05:55,06:02,,,,06:14,,,06:22,06:26,
VIRAR,,,,06:02,06:11,,,,06:20,06:15,,06:30,06:34,
W.E.F.  19.02.2026,,,,,,,,,,,,,,
STATIONS,,,,,,,,,,,,,,
DN TRAINS,,,,,,,,,,,,,,
CHURCHGATE,,,05:15,,05:15,05:19,05:23,,,,05:28,05:29,05:36,
Marine Lines,,,05:18,,05:18,05:22,05:26,,,,05:31,05:32,05:39,
Charni Road,,,05:20,,05:20,05:24,05:28,,,,05:33,05:34,05:41,
Grant Road,,,05:23,,05:23,05:27,05:31,,,,05:36,05:37,05:44,
M'BAI CENTRAL (L),,,05:25,,05:25,05:29,05:33,,,,05:38,05:39,05:48,
Mahalakshmi,05:17,,,,05:28,05:31,,,,05:35,05:41,,,
Lower Parel,05:21,,,,05:31,05:34,,,,05:39,05:44,,,
Prabhadevi,05:24,,,,05:34,05:37,,,,05:42,05:47,,,
DADAR,05:26,,05:32,,05:36,05:39,05:40,,,05:45,05:49,05:46,05:57,
Matunga Road,05:28,,,,05:38,05:41,,,,05:47,05:52,,,
Mahim Jn.,05:31,,,,05:41,05:44,,,,05:50,05:55,,,
BANDRA,05:35,05:40,05:37,,05:45,05:48,05:45,,,05:54,05:59,05:51,06:02,
Khar Road,05:39,05:45,,,05:48,05:51,,,,05:57,06:02,,,
Santa Cruz,05:41,05:47,,,05:50,05:54,,,,05:59,06:04,,,
Vile Parle,05:44,05:50,,,05:53,05:57,,,,06:02,06:07,,,
ANDHERI,05:49,05:56,05:45,,05:58,06:02,05:54,,06:05,06:08,06:12,06:00,06:11,
Jogeshwari,05:52,05:59,,,06:01,06:05,,,06:09,06:12,06:15,,,
Ram Mandir,05:55,06:02,,,06:04,06:08,,,06:12,06:15,06:18,,,
Goregaon,05:57,06:04,,,06:06,06:13,,,06:14,06:17,06:20,,,
Malad,06:01,06:08,,,06:10,,,,06:18,06:21,06:24,,,
Kandivli,06:04,06:11,,,06:13,,,,06:21,06:24,06:27,,,
BORIVALI,06:11,06:17,05:58,06:03,06:19,,06:07,06:16,06:27,06:30,06:33,06:12,06:24,
Dahisar,,,06:02,06:09,,,06:11,06:21,06:32,,,06:17,06:29,
Mira Road,,,06:07,06:13,,,06:16,06:26,06:37,,,06:22,06:33,
Bhayandar,,,06:12,06:18,,,06:21,06:31,06:42,,,06:27,06:38,
Naigaon,,,06:18,06:24,,,06:26,06:37,06:48,,,06:33,06:43,
Vasai Road,,,06:23,06:31,,,06:31,06:42,06:53,,,06:38,06:50,
Nalla Sopara,,,06:28,,,,06:36,06:47,06:58,,,06:43,,
VIRAR,,,06:38,,,,06:43,06:56,07:05,,,06:53,,
STATIONS,,,,,,,,,,,,,,
DN TRAINS,,,,,,,,,,,,,,
CHURCHGATE,,,05:36,05:40,,05:52,,,05:56,06:00,,05:59,06:03,
Marine Lines,,,05:39,05:43,,05:55,,,05:59,06:03,,06:02,06:06,
Charni Road,,,05:41,05:45,,05:58,,,06:01,06:05,,06:04,06:08,
Grant Road,,,05:44,05:48,,06:01,,,06:04,06:08,,06:07,06:11,
M'BAI CENTRAL (L),,,05:46,05:50,,06:05,,,06:06,06:10,,06:09,06:13,
Mahalakshmi,05:45,,05:49,05:53,,,,06:03,06:09,,,06:12,06:16,
Lower Parel,05:48,,05:52,05:56,,,,06:06,06:12,,,06:15,06:19,
Prabhadevi,05:51,,05:55,05:59,,,,06:09,06:15,,,06:18,06:22,
DADAR,05:53,,05:57,06:01,,06:13,,06:11,06:17,06:17,,06:20,06:24,
Matunga Road,05:55,,05:59,06:03,,,,06:13,06:19,,,06:22,06:26,
Mahim Jn.,05:58,,06:02,06:06,,,,06:16,06:22,,,06:25,06:29,
BANDRA,06:02,,06:06,06:11,06:15,06:18,,06:20,06:26,06:22,,06:29,06:33,
Khar Road,06:05,,06:09,06:14,06:18,,,06:23,06:29,,,06:32,06:36,
Santa Cruz,06:07,,06:11,06:16,06:20,,,06:25,06:31,,,06:34,06:38,
Vile Parle,06:10,,06:14,06:19,06:23,,,06:28,06:34,,,06:37,06:41,
ANDHERI,06:15,,06:19,06:24,06:28,06:26,,06:33,06:39,06:30,,06:42,06:46,
Jogeshwari,06:18,,06:22,06:27,06:31,,,06:36,06:42,,,06:45,06:49,
Ram Mandir,06:21,,06:25,06:30,06:34,,,06:39,06:45,,,06:48,06:52,
Goregaon,06:23,,06:27,06:32,06:36,,,06:41,06:47,,,06:50,06:54,
Malad,06:27,,06:31,06:36,06:39,,,06:45,06:51,,,06:54,06:58,
Kandivli,06:30,,06:34,06:39,06:42,,,06:48,06:54,,,06:57,07:01,
BORIVALI,06:36,06:36,06:41,06:45,06:49,06:39,06:51,06:55,07:00,06:42,07:04,07:04,07:08,
Dahisar,,06:41,,,,,06:54,,,06:47,,,,
Mira Road,,06:46,,,,,06:59,,,06:52,,,,
Bhayandar,,06:50,,,,06:47,07:04,,,06:57,,,,
Naigaon,,06:56,,,,,07:10,,,07:02,,,,
Vasai Road,,07:01,,,,06:54,07:15,,,07:08,07:25,,,
Nalla Sopara,,07:06,,,,,07:20,,,07:13,,,,
VIRAR,,07:13,,,,07:04,07:27,,,07:22,,,,
W.E.F.  19.02.2026,,,,,,,,,,,,,,
STATIONS,,,,,,,,,,,,,,
DN TRAINS,,,,,,,,,,,,,,
CHURCHGATE,,,05:36,05:40,,05:52,,,05:56,06:00,,05:59,06:03,
Marine Lines,,,05:39,05:43,,05:55,,,05:59,06:03,,06:02,06:06,
Charni Road,,,05:41,05:45,,05:58,,,06:01,06:05,,06:04,06:08,
Grant Road,,,05:44,05:48,,06:01,,,06:04,06:08,,06:07,06:11,
M'BAI CENTRAL (L),,,05:46,05:50,,06:05,,,06:06,06:10,,06:09,06:13,
Mahalakshmi,05:45,,05:49,05:53,,,,06:03,06:09,,,06:12,06:16,
Lower Parel,05:48,,05:52,05:56,,,,06:06,06:12,,,06:15,06:19,
Prabhadevi,05:51,,05:55,05:59,,,,06:09,06:15,,,06:18,06:22,
DADAR,05:53,,05:57,06:01,,06:13,,06:11,06:17,06:17,,06:20,06:24,
Matunga Road,05:55,,05:59,06:03,,,,06:13,06:19,,,06:22,06:26,
Mahim Jn.,05:58,,06:02,06:06,,,,06:16,06:22,,,06:25,06:29,
BANDRA,06:02,,06:06,06:11,06:15,06:18,,06:20,06:26,06:22,,06:29,06:33,
Khar Road,06:05,,06:09,06:14,06:18,,,06:23,06:29,,,06:32,06:36,
Santa Cruz,06:07,,06:11,06:16,06:20,,,06:25,06:31,,,06:34,06:38,
Vile Parle,06:10,,06:14,06:19,06:23,,,06:28,06:34,,,06:37,06:41,
ANDHERI,06:15,,06:19,06:24,06:28,06:26,,06:33,06:39,06:30,,06:42,06:46,
Jogeshwari,06:18,,06:22,06:27,06:31,,,06:36,06:42,,,06:45,06:49,
Ram Mandir,06:21,,06:25,06:30,06:34,,,06:39,06:45,,,06:48,06:52,
Goregaon,06:23,,06:27,06:32,06:36,,,06:41,06:47,,,06:50,06:54,
Malad,06:27,,06:31,06:36,06:39,,,06:45,06:51,,,06:54,06:58,
Kandivli,06:30,,06:34,06:39,06:42,,,06:48,06:54,,,06:57,07:01,
BORIVALI,06:36,06:36,06:41,06:45,06:49,06:39,06:51,06:55,07:00,06:42,07:04,07:04,07:08,
Dahisar,,06:41,,,,,06:54,,,06:47,,,,
Mira Road,,06:46,,,,,06:59,,,06:52,,,,
Bhayandar,,06:50,,,,06:47,07:04,,,06:57,,,,
Naigaon,,06:56,,,,,07:10,,,07:02,,,,
Vasai Road,,07:01,,,,06:54,07:15,,,07:08,07:25,,,
Nalla Sopara,,07:06,,,,,07:20,,,07:13,,,,
VIRAR,,07:13,,,,07:04,07:27,,,07:22,,,,
W.E.F.  19.02.2026,,,,,,,,,,,,,,
STATIONS,,,,,,,,,,,,,,
DN TRAINS,,,,,,,,,,,,,,
CHURCHGATE,,,06:05,,06:11,06:14,06:15,06:17,06:25,,,06:21,,
Marine Lines,,,06:08,,06:14,06:17,06:18,06:20,,,,06:24,,
Charni Road,,,06:10,,06:16,06:19,06:20,06:22,,,,06:26,,
Grant Road,,,06:13,,06:19,06:22,06:23,06:25,,,,06:29,,
M'BAI CENTRAL (L),,,06:15,,06:21,06:24,06:25,06:27,06:33,,,06:31,,
Mahalakshmi,,,,06:20,06:24,06:27,,06:30,,,,06:34,06:39,
Lower Parel,,,,06:23,06:27,06:30,,06:33,,,,06:37,06:42,
Prabhadevi,,,,06:26,06:30,06:33,,06:36,,,,06:40,06:45,
DADAR,,,06:22,06:28,06:32,06:35,06:33,06:38,06:40,,,06:43,06:47,
Matunga Road,,,,06:30,06:34,06:37,,06:40,,,,06:45,06:49,
Mahim Jn.,,,,06:33,06:37,06:40,,06:43,,,,06:48,06:52,
BANDRA,,,06:27,06:37,06:41,06:44,06:38,06:47,06:45,,,06:52,06:56,
Khar Road,,,,06:40,06:44,06:47,,06:50,,,,06:55,06:59,
Santa Cruz,,,,06:42,06:46,06:49,,06:52,,,,06:57,07:01,
Vile Parle,,,,06:45,06:49,06:52,,06:55,,,,07:00,07:04,
ANDHERI,06:49,,06:35,06:50,06:54,06:57,06:46,07:00,06:53,07:00,07:03,07:06,07:10,
Jogeshwari,06:52,,,06:53,06:57,07:00,,07:03,,,07:07,07:10,07:14,
Ram Mandir,06:55,,,06:56,07:00,07:03,,07:06,,,07:10,07:13,07:17,
Goregaon,06:57,,,07:01,07:02,07:05,,07:08,,,07:12,07:15,07:19,
Malad,07:01,,,,07:06,07:09,,07:12,,,07:16,07:19,07:23,
Kandivli,07:04,,,,07:09,07:12,,07:15,,,07:19,07:22,07:26,
BORIVALI,07:10,,06:47,,07:16,07:19,06:59,07:22,07:05,07:15,07:25,07:30,07:34,
Dahisar,07:14,,,,,,07:04,,,,07:31,,,
Mira Road,07:19,,,,,,07:09,,,,07:36,,,
Bhayandar,07:24,07:27,06:55,,,,07:14,,07:13,07:24,07:41,,,
Naigaon,,,,,,,07:20,,,,07:47,,,
Vasai Road,,,07:03,,,,07:25,,07:21,07:34,07:52,,,
Nalla Sopara,,,,,,,07:30,,,,07:58,,,
VIRAR,,07:52,07:17,,,,07:38,,07:32,07:44,08:07,,,
STATIONS,,,,,,,,,,,,,,
DN TRAINS,,,,,,,,,,,,,,
CHURCHGATE,,,06:05,,06:11,06:14,06:15,06:17,06:25,,,06:21,,
Marine Lines,,,06:08,,06:14,06:17,06:18,06:20,,,,06:24,,
Charni Road,,,06:10,,06:16,06:19,06:20,06:22,,,,06:26,,
Grant Road,,,06:13,,06:19,06:22,06:23,06:25,,,,06:29,,
M'BAI CENTRAL (L),,,06:15,,06:21,06:24,06:25,06:27,06:33,,,06:31,,
Mahalakshmi,,,,06:20,06:24,06:27,,06:30,,,,06:34,06:39,
Lower Parel,,,,06:23,06:27,06:30,,06:33,,,,06:37,06:42,
Prabhadevi,,,,06:26,06:30,06:33,,06:36,,,,06:40,06:45,
DADAR,,,06:22,06:28,06:32,06:35,06:33,06:38,06:40,,,06:43,06:47,
Matunga Road,,,,06:30,06:34,06:37,,06:40,,,,06:45,06:49,
Mahim Jn.,,,,06:33,06:37,06:40,,06:43,,,,06:48,06:52,
BANDRA,,,06:27,06:37,06:41,06:44,06:38,06:47,06:45,,,06:52,06:56,
Khar Road,,,,06:40,06:44,06:47,,06:50,,,,06:55,06:59,
Santa Cruz,,,,06:42,06:46,06:49,,06:52,,,,06:57,07:01,
Vile Parle,,,,06:45,06:49,06:52,,06:55,,,,07:00,07:04,
ANDHERI,06:49,,06:35,06:50,06:54,06:57,06:46,07:00,06:53,07:00,07:03,07:06,07:10,
Jogeshwari,06:52,,,06:53,06:57,07:00,,07:03,,,07:07,07:10,07:14,
Ram Mandir,06:55,,,06:56,07:00,07:03,,07:06,,,07:10,07:13,07:17,
Goregaon,06:57,,,07:01,07:02,07:05,,07:08,,,07:12,07:15,07:19,
Malad,07:01,,,,07:06,07:09,,07:12,,,07:16,07:19,07:23,
Kandivli,07:04,,,,07:09,07:12,,07:15,,,07:19,07:22,07:26,
BORIVALI,07:10,,06:47,,07:16,07:19,06:59,07:22,07:05,07:15,07:25,07:30,07:34,
Dahisar,07:14,,,,,,07:04,,,,07:31,,,
Mira Road,07:19,,,,,,07:09,,,,07:36,,,
Bhayandar,07:24,07:27,06:55,,,,07:14,,07:13,07:24,07:41,,,
Naigaon,,,,,,,07:20,,,,07:47,,,
Vasai Road,,,07:03,,,,07:25,,07:21,07:34,07:52,,,
Nalla Sopara,,,,,,,07:30,,,,07:58,,,
VIRAR,,07:52,07:17,,,,07:38,,07:32,07:44,08:07,,,
W.E.F.  19.02.2026,,,,,,,,,,,,,,
STATIONS,,,,,,,,,,,,,,
DN TRAINS,,,,,,,,,,,,,,
CHURCHGATE,06:32,06:32,06:35,06:35,06:39,,06:44,06:48,06:48,06:51,,06:55,06:59,
Marine Lines,06:35,,06:39,06:38,06:42,,06:47,06:51,06:51,06:54,,06:58,,
Charni Road,06:37,,06:41,06:40,06:44,,06:49,06:53,06:53,06:56,,07:00,,
Grant Road,06:40,,06:44,06:43,06:47,,06:52,06:56,06:56,06:59,,07:03,,
M'BAI CENTRAL (L),06:42,06:42,06:46,06:45,06:49,,06:54,06:58,06:58,07:01,,07:05,07:08,
Mahalakshmi,06:45,,06:49,,06:52,06:57,,07:01,,07:04,,07:08,,
Lower Parel,06:48,,06:52,,06:55,07:00,,07:04,,07:07,,07:11,,
Prabhadevi,06:51,,06:55,,06:58,07:03,,07:07,,07:10,,07:14,,
DADAR,06:53,06:49,06:57,06:53,07:00,07:05,07:01,07:09,07:05,07:12,,07:16,07:15,
Matunga Road,06:55,,06:59,,07:02,07:07,,07:11,,07:14,,07:18,,
Mahim Jn.,06:58,,07:02,,07:05,07:10,,07:14,,07:17,,07:21,,
BANDRA,07:02,06:54,07:06,06:58,07:09,07:13,07:06,07:18,07:10,07:21,,07:25,07:20,
Khar Road,07:05,,07:09,,07:12,07:16,,07:21,,07:24,,07:28,,
Santa Cruz,07:07,,07:12,,07:14,07:19,,07:23,,07:26,,07:30,,
Vile Parle,07:10,,07:15,,07:17,07:22,,07:26,,07:29,,07:33,,
ANDHERI,07:15,07:04,07:20,07:07,07:22,07:27,07:16,07:32,07:19,07:34,,07:39,07:28,
Jogeshwari,07:18,,07:23,,07:25,07:30,,07:35,,07:37,,07:42,,
Ram Mandir,07:21,,07:26,,07:28,07:33,,07:38,,07:40,,07:45,,
Goregaon,07:23,,07:28,,07:32,07:35,,07:40,,07:44,,07:47,,
Malad,07:27,,07:32,,,07:39,,07:44,,,,07:51,,
Kandivli,07:30,,07:35,,,07:42,,07:47,,,,07:54,,
BORIVALI,07:37,07:18,07:41,07:21,,07:47,07:31,07:54,07:33,,07:37,08:00,07:40,
Dahisar,,,,07:26,,07:51,,,07:37,,,,07:44,
Mira Road,,,,07:31,,07:56,,,07:42,,,,07:49,
Bhayandar,,07:28,,07:36,,08:01,,,07:47,,07:52,,07:54,
Naigaon,,,,07:42,,08:06,,,07:53,,,,08:00,
Vasai Road,,07:37,,07:47,,08:11,,,07:58,,,,08:05,
Nalla Sopara,,,,07:52,,08:16,,,08:04,,,,08:10,
VIRAR,,07:49,,07:59,,08:23,,,08:12,,,,08:18,
W.E.F.  19.02.2026,,,,,,,,,,,,,,
STATIONS,,,,,,,,,,,,,,
DN TRAINS,,,,,,,,,,,,,,
CHURCHGATE,,,07:00,07:03,07:05,07:07,07:09,07:11,07:12,07:15,07:16,,07:21,
Marine Lines,,,07:03,07:06,07:08,07:10,07:12,07:14,07:15,07:18,07:19,,07:24,
Charni Road,,,07:05,07:08,07:10,07:12,07:14,07:17,07:17,07:20,07:21,,07:26,
Grant Road,,,07:08,07:11,07:13,07:15,07:17,07:20,07:20,07:23,07:24,,07:29,
M'BAI CENTRAL (L),,,07:10,07:13,07:15,07:17,07:19,07:22,07:22,07:25,07:26,,07:31,
Mahalakshmi,,,07:13,,07:18,,07:22,,07:25,07:28,,,07:34,
Lower Parel,,,07:16,,07:21,,07:25,,07:28,07:31,,,07:37,
Prabhadevi,,,07:19,,07:24,,07:28,,07:31,07:34,,,07:40,
DADAR,,,07:21,07:20,07:26,07:24,07:30,07:29,07:33,07:36,07:33,,07:42,
Matunga Road,,,07:24,,07:29,,07:33,,07:36,07:39,,,07:45,
Mahim Jn.,,,07:27,,07:32,,07:36,,07:39,07:42,,,07:48,
BANDRA,,,07:31,07:25,07:36,07:30,07:40,07:35,07:43,07:46,07:39,,07:52,
Khar Road,,,07:34,,07:39,,07:43,,07:46,07:49,,,07:55,
Santa Cruz,,,07:36,,07:41,,07:45,,07:48,07:51,,,07:57,
Vile Parle,,,07:39,,07:44,,07:48,,07:51,07:54,,,08:00,
ANDHERI,,07:41,07:45,07:33,07:49,07:38,07:53,07:45,07:54,,07:48,,08:05,
Jogeshwari,,07:45,07:49,,07:53,,07:57,,07:58,,,,08:08,
Ram Mandir,,07:48,07:52,,07:56,,08:00,,08:01,,,,08:11,
Goregaon,,07:50,07:54,,07:58,,08:02,,08:04,,,,08:13,
Malad,,07:54,07:58,,08:02,,08:06,,,,,,08:17,
Kandivli,,07:57,08:01,,08:05,,08:09,,,,,,08:20,
BORIVALI,07:42,08:03,08:07,07:45,08:11,07:51,08:15,07:58,,,08:02,08:10,08:25,
Dahisar,07:47,08:07,08:12,,,07:55,,,,,,08:16,,
Mira Road,07:51,08:12,08:17,,,08:00,,,,,,08:21,,
Bhayandar,07:56,08:17,08:22,07:59,,08:05,,08:08,,,,08:26,,
Naigaon,08:02,08:23,08:28,,,08:11,,,,,,08:32,,
Vasai Road,08:07,08:28,08:33,08:10,,08:16,,08:18,,,08:26,08:37,,
Nalla Sopara,08:12,08:33,08:38,,,08:21,,,,,,08:42,,
VIRAR,08:19,08:39,08:45,08:23,,08:28,,08:29,,,,08:50,,
W.E.F.  19.02.2026,,,,,,,,,,,,,,
STATIONS,,,,,,,,,,,,,,
DN TRAINS,,,,,,,,,,,,,,
CHURCHGATE,,07:20,,07:24,07:27,07:29,07:30,07:32,,07:33,07:36,07:36,,
Marine Lines,,,,07:27,07:30,07:32,07:33,07:35,,07:36,07:39,07:39,,
Charni Road,,,,07:29,07:32,07:34,07:35,07:37,,07:38,07:41,07:41,,
Grant Road,,,,07:32,07:35,07:37,07:38,07:40,,07:41,07:44,07:44,,
M'BAI CENTRAL (L),,07:29,,07:34,07:37,07:39,07:40,07:42,,07:43,07:46,07:46,,
Mahalakshmi,,,07:38,,07:41,,07:44,,,07:47,07:50,,,
Lower Parel,,,07:41,,07:44,,07:47,,,07:50,07:53,,,
Prabhadevi,,,07:44,,07:47,,07:50,,,07:53,07:56,,,
DADAR,,07:37,07:46,07:41,07:49,07:46,07:52,07:49,,07:55,07:58,07:53,,
Matunga Road,,,07:49,,07:52,,07:54,,,07:57,08:00,,,
Mahim Jn.,,,07:52,,07:55,,07:57,,,08:00,08:03,,,
BANDRA,07:54,07:44,07:57,07:47,08:00,07:52,08:02,07:55,,08:05,08:07,07:59,,
Khar Road,07:58,,08:01,,08:03,,08:05,,,,08:10,,,
Santa Cruz,08:00,,08:03,,08:05,,08:07,,,,08:12,,,
Vile Parle,08:03,,08:06,,08:08,,08:10,,,,08:15,,,
ANDHERI,08:08,,08:11,07:58,08:12,08:00,08:14,08:03,08:16,,08:21,08:07,,
Jogeshwari,08:11,,08:14,,08:16,,08:17,,08:20,,08:25,,,
Ram Mandir,08:14,,08:17,,08:19,,08:20,,08:23,,08:28,,,
Goregaon,08:16,08:00,08:19,,08:23,,08:22,,08:25,,08:31,,,
Malad,08:20,,08:23,,,,08:26,,08:29,,,,,
Kandivli,08:23,,08:26,,,,08:29,,08:32,,,,,
BORIVALI,08:30,,08:33,08:12,,08:16,08:36,08:18,08:38,,,08:21,08:25,
Dahisar,,,,,,,,08:22,08:42,,,08:25,,
Mira Road,,,,,,,,08:27,08:47,,,08:30,,
Bhayandar,,,,08:22,,,,08:32,08:52,,,08:35,08:39,
Naigaon,,,,,,,,08:38,08:58,,,08:41,,
Vasai Road,,,,08:31,,,,08:43,09:02,,,08:46,,
Nalla Sopara,,,,,,,,08:48,09:07,,,08:51,,
VIRAR,,,,08:44,,,,08:57,09:13,,,08:58,,
W.E.F.  19.02.2026,,,,,,,,,,,,,,
STATIONS,,,,,,,,,,,,,,
DN TRAINS,,,,,,,,,,,,,,
CHURCHGATE,,07:39,07:42,07:42,07:45,07:45,07:48,07:50,07:51,07:54,07:54,07:57,,
Marine Lines,,07:42,07:45,07:45,07:48,07:48,07:51,,07:54,07:57,07:57,08:00,,
Charni Road,,07:44,07:47,07:47,07:50,07:50,07:53,,07:56,07:59,07:59,08:02,,
Grant Road,,07:47,07:50,07:50,07:53,07:53,07:56,,07:59,08:02,08:02,08:05,,
M'BAI CENTRAL (L),,07:49,07:52,07:52,07:55,07:55,07:58,07:58,08:01,08:04,08:04,08:07,,
Mahalakshmi,,07:53,07:56,,07:59,,08:02,,08:05,08:08,,08:11,,
Lower Parel,,07:56,07:59,,08:02,,08:05,,08:08,08:11,,08:14,,
Prabhadevi,,07:59,08:02,,08:05,,08:08,,08:11,08:14,,08:17,,
DADAR,,08:01,08:04,07:59,08:07,08:02,08:10,08:05,08:13,08:16,08:11,08:19,,
Matunga Road,,08:03,08:06,,08:09,,08:12,,08:15,08:18,,08:21,,
Mahim Jn.,,08:06,08:09,,08:12,,08:15,,08:18,08:21,,08:24,,
BANDRA,,08:10,08:13,08:04,08:16,08:07,08:19,08:11,08:22,08:25,08:16,08:28,,
Khar Road,,08:13,08:16,,08:19,,08:23,,08:25,08:28,,08:31,,
Santa Cruz,,08:15,08:18,,08:21,,08:25,,08:27,08:30,,08:33,,
Vile Parle,,08:18,08:21,,08:24,,08:28,,08:30,08:33,,08:36,,
ANDHERI,,08:23,08:26,08:12,,08:16,08:33,08:19,08:35,08:39,08:24,08:41,08:27,
Jogeshwari,,08:26,08:29,,,,08:36,,08:39,,,08:44,,
Ram Mandir,,08:29,08:32,,,,08:39,,08:42,,,08:47,,
Goregaon,,08:31,08:34,,,,08:41,,08:46,,,08:49,,
Malad,,08:35,08:38,,,,08:45,,,,,08:53,,
Kandivli,,08:38,08:41,,,,08:48,,,,,08:56,,
BORIVALI,08:30,08:43,08:47,08:25,,08:28,08:54,08:35,,,08:40,09:02,08:43,
Dahisar,08:35,08:48,,,,08:33,,,,,08:44,,08:47,
Mira Road,08:40,08:53,,,,08:38,,,,,08:49,,08:52,
Bhayandar,08:45,08:58,,08:39,,08:43,,,,,08:53,,08:57,
Naigaon,08:51,09:04,,,,08:49,,,,,08:59,,09:03,
Vasai Road,08:57,09:08,,08:49,,08:54,,,,,09:04,,09:08,
Nalla Sopara,,09:13,,,,08:59,,,,,09:09,,09:13,
VIRAR,,09:20,,09:01,,09:05,,,,,09:15,,09:19,
W.E.F.  19.02.2026,,,,,,,,,,,,,,
STATIONS,,,,,,,,,,,,,,
DN TRAINS,,,,,,,,,,,,,,
CHURCHGATE,08:00,08:03,,,08:05,,08:06,08:08,08:10,08:11,,,,
Marine Lines,,08:06,,,,,08:09,,08:13,,,,,
Charni Road,,08:08,,,,,08:11,,08:15,,,,,
Grant Road,,08:11,,,,,08:14,,08:18,,,,,
M'BAI CENTRAL (L),08:08,08:13,,,08:13,,08:16,08:16,08:20,08:19,,,,
Mahalakshmi,,08:16,,,,,08:19,,08:23,,,,,
Lower Parel,,08:19,,,,,08:22,,08:26,,,,,
Prabhadevi,,08:22,,,,,08:25,,08:29,,,,,
DADAR,08:15,08:24,,,08:20,,08:27,08:24,08:31,08:27,08:30,,,
Matunga Road,,08:26,,,,,08:29,,08:33,,,,,
Mahim Jn.,,08:29,,,,,08:32,,08:36,,,,,
BANDRA,08:21,08:33,,,08:26,,08:36,08:30,08:40,08:33,08:37,,08:41,
Khar Road,,08:36,,,,,08:39,,08:43,,,,08:46,
Santa Cruz,,08:38,,,,,08:41,,08:45,,,,08:48,
Vile Parle,,08:41,,,,,08:44,,08:48,,,,08:51,
ANDHERI,,08:45,,,08:35,,08:50,08:38,08:53,08:41,08:45,08:52,08:55,
Jogeshwari,,08:48,,,,,08:53,,,,,,08:58,
Ram Mandir,,08:51,,,,,08:56,,,,,,09:01,
Goregaon,08:38,08:53,,,,,08:58,,,,,,09:03,
Malad,,08:57,,,,,09:02,,,,,,09:07,
Kandivli,,09:00,,,,,09:05,,,,,,09:10,
BORIVALI,,09:05,09:06,09:10,08:49,,09:11,08:53,,08:57,09:02,09:06,09:15,
Dahisar,,,09:09,09:14,08:53,,,08:57,,,,09:10,09:19,
Mira Road,,,09:14,09:19,08:58,,,09:02,,,,09:15,09:24,
Bhayandar,,,09:19,09:24,09:03,,,09:07,,,09:12,09:20,09:31,
Naigaon,,,09:25,,09:09,,,09:13,,,,09:26,,
Vasai Road,,,09:30,,09:14,,,09:18,,,09:23,09:32,,
Nalla Sopara,,,09:35,,09:19,,,09:24,,,,09:37,,
VIRAR,,,09:41,,09:28,09:30,,09:33,,,09:36,09:44,,
W.E.F.  19.02.2026,,,,,,,,,,,,,,
STATIONS,,,,,,,,,,,,,,
DN TRAINS,,,,,,,,,,,,,,
CHURCHGATE,08:15,08:18,08:20,08:23,08:27,08:27,08:32,08:32,08:35,,08:35,08:39,,
Marine Lines,08:18,08:21,08:23,08:26,08:30,08:30,08:35,,,,08:38,,,
Charni Road,08:20,08:23,08:26,08:28,08:32,08:32,08:37,,,,08:40,,,
Grant Road,08:23,08:26,08:29,08:31,08:35,08:35,08:40,,,,08:43,,,
M'BAI CENTRAL (L),08:25,08:28,08:31,08:33,08:37,08:37,08:42,08:40,08:43,,08:45,08:47,,
Mahalakshmi,08:28,08:31,,08:36,08:40,,08:45,,,,08:48,,,
Lower Parel,08:31,08:34,,08:39,08:43,,08:48,,,,08:51,,,
Prabhadevi,08:34,08:37,,08:42,08:46,,08:51,,,,08:54,,,
DADAR,08:36,08:39,08:39,08:44,08:48,08:44,08:53,08:47,08:50,,08:56,08:54,,
Matunga Road,08:38,08:41,,08:46,08:50,,08:56,,,,08:58,,,
Mahim Jn.,08:41,08:44,,08:49,08:53,,08:59,,,,09:01,,,
BANDRA,08:45,08:48,08:45,08:53,08:57,08:49,09:03,08:52,08:55,,09:05,08:59,,
Khar Road,08:49,08:51,,08:56,09:00,,09:07,,,,09:08,,,
Santa Cruz,08:51,08:54,,08:58,09:02,,09:10,,,,09:11,,,
Vile Parle,08:54,08:57,,09:01,09:05,,09:13,,,,09:14,,,
ANDHERI,08:59,09:02,08:55,09:06,09:10,08:58,09:18,09:01,09:05,09:17,09:20,09:09,,
Jogeshwari,09:03,09:06,,09:09,09:13,,09:22,,,09:21,09:24,,,
Ram Mandir,09:06,09:09,,09:12,09:16,,09:25,,,09:24,09:27,,,
Goregaon,09:08,09:13,,09:14,09:18,,09:29,,,09:26,09:29,,,
Malad,09:12,,,09:18,09:22,,,,,09:30,09:33,,,
Kandivli,09:15,,,09:21,09:25,,,,,09:33,09:36,,,
BORIVALI,09:22,,09:09,09:28,09:33,09:13,,09:17,09:20,09:37,09:43,09:24,09:27,
Dahisar,,,09:14,,,09:18,,,09:23,09:41,,09:28,09:31,
Mira Road,,,09:19,,,09:23,,,09:28,09:46,,09:33,09:36,
Bhayandar,,,09:24,,,09:28,,,09:33,09:51,,09:38,09:41,
Naigaon,,,09:30,,,09:34,,,09:39,09:57,,09:44,09:46,
Vasai Road,,,09:35,,,09:40,,,09:44,10:02,,09:52,09:51,
Nalla Sopara,,,09:40,,,09:45,,,09:49,10:07,,,09:56,
VIRAR,,,09:48,,,09:51,,,09:57,10:13,,,10:01,
W.E.F.  19.02.2026,,,,,,,,,,,,,,
STATIONS,,,,,,,,,,,,,,
DN TRAINS,,,,,,,,,,,,,,
CHURCHGATE,08:38,,08:43,,08:46,08:46,08:49,08:50,08:53,08:53,08:56,08:56,09:00,
Marine Lines,08:41,,,,08:49,,08:52,08:53,08:56,,08:59,,09:03,
Charni Road,08:43,,,,08:51,,08:54,08:55,08:58,,09:01,,09:05,
Grant Road,08:46,,,,08:54,,08:57,08:58,09:01,,09:04,,09:08,
M'BAI CENTRAL (L),08:48,,08:51,,08:56,08:54,08:59,09:00,09:03,09:02,09:06,09:05,09:10,
Mahalakshmi,08:51,,,,08:59,,,09:03,09:06,,09:09,,09:13,
Lower Parel,08:54,,,,09:02,,,09:06,09:09,,09:12,,09:16,
Prabhadevi,08:57,,,,09:05,,,09:09,09:12,,09:15,,09:19,
DADAR,08:59,,08:58,,09:07,09:01,09:06,09:11,09:14,09:09,09:17,09:12,09:21,
Matunga Road,09:01,,,,09:09,,,09:13,09:16,,09:19,,09:23,
Mahim Jn.,09:04,,,,09:12,,,09:16,09:19,,09:22,,09:26,
BANDRA,09:08,09:12,09:03,,09:16,09:06,09:11,09:20,09:23,09:14,09:26,09:17,09:30,
Khar Road,09:11,09:15,,,09:20,,,09:23,09:26,,09:29,,09:33,
Santa Cruz,09:14,09:18,,,09:23,,,09:26,09:29,,09:32,,09:36,
Vile Parle,09:17,09:21,,,09:26,,,09:29,09:32,,09:35,,09:39,
ANDHERI,09:22,09:26,,09:29,09:32,09:15,09:19,09:34,09:37,09:22,09:41,09:26,09:45,
Jogeshwari,09:26,09:30,,09:33,09:36,,,,09:41,,09:45,,,
Ram Mandir,09:29,09:33,,09:36,09:39,,,,09:44,,09:48,,,
Goregaon,09:34,09:35,09:20,09:38,09:41,,,,09:46,,09:52,,,
Malad,,09:39,,09:42,09:45,,,,09:50,,,,,
Kandivli,,09:42,,09:45,09:48,,,,09:53,,,,,
BORIVALI,,09:49,,09:50,09:55,09:30,09:32,,10:00,09:36,,09:40,,
Dahisar,,,,09:55,,,,,,09:40,,09:46,,
Mira Road,,,,10:00,,,,,,09:45,,09:51,,
Bhayandar,,,,10:05,,,09:46,,,09:50,,09:56,,
Naigaon,,,,10:10,,,,,,09:56,,10:02,,
Vasai Road,,,,10:15,,,09:57,,,10:01,,10:07,,
Nalla Sopara,,,,10:21,,,,,,10:06,,10:12,,
VIRAR,,,,10:29,,,10:07,,,10:12,,10:20,,
Ram Mandir,,,09:53,,09:57,,,,10:00,10:04,,,,
Goregaon,,,09:55,,"09:42
10:01",,,,10:02,10:07,,,,
Malad,,,09:59,,,,,,10:06,,,,,
Kandivli,,,10:02,,,,,,10:09,,,,,
BORIVALI,09:46,09:43,,09:45,,09:52,10:00,10:08,,,09:55,10:19,,
Dahisar,09:51,,,09:49,,09:56,,10:13,,,,10:23,,
Mira Road,09:56,,,09:54,,10:01,,10:18,,,,10:28,,
Bhayandar,10:03,,,09:59,,10:06,10:14,10:23,,,,10:33,,
Naigaon,,,,10:05,,10:11,,10:29,,,,10:39,,
Vasai Road,,,,10:10,,10:18,,10:34,,,,10:44,,
Nalla Sopara,,,,10:16,,10:25,,10:39,,,,,,
VIRAR,,,,10:24,,,,10:47,,,,,,
W.E.F.  19.02.2026,,,,,,,,,,,,,,
STATIONS,,,,,,,,,,,,,,
DN TRAINS,,,,,,,,,,,,,,
CHURCHGATE,,09:00,09:04,09:03,09:06,09:07,09:09,,,09:11,09:14,09:13,,
Marine Lines,,,09:07,,,09:10,,,,09:14,09:17,,,
Charni Road,,,09:09,,,09:12,,,,09:16,09:19,,,
Grant Road,,,09:12,,,09:15,,,,09:19,09:22,,,
M'BAI CENTRAL (L),,09:08,09:14,09:11,09:14,09:17,09:17,,,09:21,09:24,09:20,,
Mahalakshmi,,,09:17,,,09:20,,,,09:24,09:27,,,
Lower Parel,,,09:20,,,09:23,,,,09:27,09:30,,,
Prabhadevi,,,09:23,,,09:26,,,,09:30,09:33,,,
DADAR,,09:15,09:25,09:18,09:21,09:28,09:24,,,09:32,09:35,09:27,,
Matunga Road,,,09:27,,,09:30,,,,09:34,09:37,,,
Mahim Jn.,,,09:30,,,09:33,,,,09:37,09:40,,,
BANDRA,,09:20,09:34,09:23,09:26,09:37,09:29,,,09:41,09:44,09:32,,
Khar Road,,,09:37,,,09:40,,,,09:44,09:47,,,
Santa Cruz,,,09:40,,,09:43,,,,09:47,09:50,,,
Vile Parle,,,09:43,,,09:46,,,,09:50,09:53,,,
ANDHERI,,09:29,09:47,09:32,,09:50,09:38,,,09:54,09:57,09:41,,
Jogeshwari,,,09:50,,,09:54,,,,09:57,10:01,,,
Ram Mandir,,,09:53,,,09:57,,,,10:00,10:04,,,
Goregaon,,,09:55,,09:42,10:01,,,,10:02,10:07,,,
Malad,,,09:59,,,,,,,10:06,,,,
Kandivli,,,10:02,,,,,,,10:09,,,,
BORIVALI,09:46,09:43,,09:45,,,09:52,10:00,10:08,,,09:55,10:19,
Dahisar,09:51,,,09:49,,,09:56,,10:13,,,,10:23,
Mira Road,09:56,,,09:54,,,10:01,,10:18,,,,10:28,
Bhayandar,10:03,,,09:59,,,10:06,10:14,10:23,,,,10:33,
Naigaon,,,,10:05,,,10:11,,10:29,,,,10:39,
Vasai Road,,,,10:10,,,10:18,,10:34,,,,10:44,
Nalla Sopara,,,,10:16,,,10:25,,10:39,,,,,
VIRAR,,,,10:24,,,,,10:47,,,,,
W.E.F.  19.02.2026,,,,,,,,,,,,,,
STATIONS,,,,,,,,,,,,,,
DN TRAINS,,,,,,,,,,,,,,
CHURCHGATE,09:19,,09:19,09:23,09:22,09:27,09:25,09:28,09:30,09:31,09:33,09:34,09:36,
Marine Lines,,,09:22,09:26,09:25,,09:28,09:31,,09:34,,09:37,09:39,
Charni Road,,,09:24,09:28,09:27,,09:30,09:33,,09:36,,09:39,09:41,
Grant Road,,,09:27,09:31,09:30,,09:33,09:36,,09:39,,09:42,09:44,
M'BAI CENTRAL (L),09:27,,09:29,09:33,09:32,09:35,09:35,09:38,09:38,09:41,09:41,09:44,09:46,
Mahalakshmi,,,09:32,,09:35,,09:38,09:41,,09:44,,09:47,,
Lower Parel,,,09:35,,09:38,,09:41,09:44,,09:47,,09:50,,
Prabhadevi,,,09:38,,09:41,,09:44,09:47,,09:50,,09:53,,
DADAR,09:36,,09:40,09:40,09:43,09:43,09:46,09:49,09:45,09:52,09:48,09:55,09:53,
Matunga Road,,,09:42,,09:45,,09:48,09:51,,09:54,,09:57,,
Mahim Jn.,,,09:45,,09:48,,09:51,09:54,,09:57,,10:00,,
BANDRA,09:42,,09:49,09:45,09:52,09:48,09:55,09:58,09:50,10:01,09:53,10:04,09:58,
Khar Road,,,09:52,,09:55,,09:58,10:01,,10:04,,10:07,,
Santa Cruz,,,09:55,,09:58,,10:01,10:03,,10:06,,10:09,,
Vile Parle,,,09:58,,10:01,,10:04,10:06,,10:09,,10:12,,
ANDHERI,09:49,09:59,10:03,09:54,10:05,09:57,,10:12,10:00,10:14,10:03,10:17,10:06,
Jogeshwari,,10:04,10:06,,10:08,,,10:15,,10:18,,10:20,,
Ram Mandir,,10:07,10:09,,10:11,,,10:18,,10:21,,10:23,,
Goregaon,,10:09,10:11,,10:15,,,10:20,,10:25,,10:25,,
Malad,,10:13,10:15,,,,,10:24,,,,10:29,,
Kandivli,,10:16,10:18,,,,,10:27,,,,10:32,,
BORIVALI,10:04,10:23,10:25,10:07,,10:11,,10:33,10:15,,10:17,10:38,10:21,
Dahisar,10:08,10:27,,10:11,,,,,,,,10:43,10:25,
Mira Road,10:13,10:32,,10:16,,,,,,,,10:48,10:30,
Bhayandar,10:18,10:37,,10:21,,,,,10:29,,,10:55,10:34,
Naigaon,10:23,10:43,,10:26,,,,,,,,,10:40,
Vasai Road,10:28,10:48,,10:31,,,,,10:40,,,,10:45,
Nalla Sopara,10:33,10:53,,10:36,,,,,,,,,10:50,
VIRAR,10:39,11:01,,10:44,,,,,10:52,,,,10:57,
W.E.F.  19.02.2026,,,,,,,,,,,,,,
STATIONS,,,,,,,,,,,,,,
DN TRAINS,,,,,,,,,,,,,,
CHURCHGATE,,,,09:38,09:41,,09:44,09:44,09:47,09:48,09:50,09:53,09:56,
Marine Lines,,,,09:41,09:44,,09:47,,09:50,,09:53,09:56,09:59,
Charni Road,,,,09:43,09:46,,09:49,,09:52,,09:55,09:58,10:01,
Grant Road,,,,09:46,09:49,,09:52,,09:55,,09:58,10:01,10:04,
M'BAI CENTRAL (L),,,,09:48,09:51,,09:54,09:52,09:57,09:56,10:00,10:03,10:06,
Mahalakshmi,,,,09:51,09:54,,09:57,,10:00,,10:03,10:06,10:09,
Lower Parel,,,,09:54,09:57,,10:00,,10:03,,10:06,10:09,10:12,
Prabhadevi,,,,09:57,10:00,,10:03,,10:06,,10:09,10:12,10:15,
DADAR,09:55,,,09:59,10:02,,10:05,09:59,10:09,10:03,10:12,10:15,10:18,
Matunga Road,,,,10:01,10:04,,10:07,,10:11,,10:14,10:17,10:20,
Mahim Jn.,,,,10:04,10:07,,10:10,,10:14,,10:17,10:20,10:23,
BANDRA,10:01,,,10:08,10:11,,10:14,10:05,10:18,10:09,10:22,10:24,10:27,
Khar Road,,,,10:11,10:14,,10:17,,10:21,,10:26,10:27,10:30,
Santa Cruz,,,,10:13,10:16,,10:20,,10:24,,10:28,10:29,10:33,
Vile Parle,,,,10:16,10:19,,10:23,,10:27,,10:31,10:32,10:36,
ANDHERI,10:09,,,10:21,10:25,10:13,10:28,10:16,10:32,10:19,10:36,10:37,,
Jogeshwari,,,,10:24,,,10:31,,10:35,,10:40,10:40,,
Ram Mandir,,,,10:27,,,10:34,,10:38,,10:43,10:43,,
Goregaon,,,,10:29,,,10:36,,10:40,,10:47,10:45,,
Malad,,,,10:33,,,10:40,,10:44,,,10:49,,
Kandivli,,,,10:36,,,10:43,,10:47,,,10:52,,
BORIVALI,10:24,10:26,,10:42,,10:27,10:49,10:31,10:53,10:33,,10:57,,
Dahisar,10:28,,,,,10:32,,,,10:37,,,,
Mira Road,10:33,,,,,10:37,,,,10:42,,,,
Bhayandar,10:38,10:41,10:41,,,10:42,,,,10:47,,,,
Naigaon,10:44,,10:48,,,10:48,,,,10:53,,,,
Vasai Road,10:50,10:53,10:54,,,10:54,,,,10:58,,,,
Nalla Sopara,10:55,,10:59,,,11:00,,,,11:04,,,,
VIRAR,11:05,11:05,11:10,,,,,,,11:11,,,,
W.E.F.  19.02.2026,,,,,,,,,,,,,,
STATIONS,,,,,,,,,,,,,,
DN TRAINS,,,,,,,,,,,,,,
CHURCHGATE,09:56,10:00,,10:03,10:03,,10:06,10:08,,10:10,10:11,,10:13,
Marine Lines,,10:03,,10:06,10:06,,10:09,,,10:13,,,10:16,
Charni Road,,10:05,,10:08,10:08,,10:11,,,10:15,,,10:18,
Grant Road,,10:08,,10:11,10:11,,10:14,,,10:18,,,10:21,
M'BAI CENTRAL (L),10:04,10:10,,10:13,10:13,,10:16,10:16,,10:20,10:19,,10:23,
Mahalakshmi,,10:13,,10:16,,,10:19,,,10:23,,,10:26,
Lower Parel,,10:16,,10:19,,,10:22,,,10:26,,,10:29,
Prabhadevi,,10:19,,10:22,,,10:25,,,10:29,,,10:32,
DADAR,10:11,10:21,10:13,10:24,10:20,,10:27,10:23,,10:31,10:26,,10:34,
Matunga Road,,10:23,,10:26,,,10:29,,,10:33,,,10:36,
Mahim Jn.,,10:26,,10:29,,,10:32,,,10:36,,,10:39,
BANDRA,10:16,10:30,10:20,10:33,10:25,,10:36,10:28,,10:40,10:32,,10:43,
Khar Road,,10:33,,10:36,,,10:39,,,10:43,,,10:46,
Santa Cruz,,10:36,,10:39,,,10:42,,,10:45,,,10:49,
Vile Parle,,10:39,,10:42,,,10:45,,,10:48,,,10:52,
ANDHERI,10:26,10:44,10:30,10:47,10:33,10:37,10:50,10:41,,10:54,10:44,10:48,10:56,
Jogeshwari,,10:47,,10:51,,,10:54,,,10:57,,,10:59,
Ram Mandir,,10:50,,10:54,,,10:57,,,11:00,,,11:02,
Goregaon,,10:52,,10:57,,,10:59,,,11:02,,,11:06,
Malad,,10:56,,,,,11:03,,,11:06,10:54,,,
Kandivli,,10:59,,,,,11:06,,,11:09,,,,
BORIVALI,10:42,11:05,10:44,,10:47,10:51,11:12,10:57,11:00,11:15,,11:03,,
Dahisar,,,10:48,,,10:55,,,11:04,,,,,
Mira Road,,,10:53,,,11:00,,,11:09,,,,,
Bhayandar,,,10:58,,11:01,11:05,,,11:14,,,11:15,,
Naigaon,,,11:04,,,11:11,,,11:20,,,,,
Vasai Road,,,11:09,,11:13,11:16,,,11:25,,,11:26,,
Nalla Sopara,,,11:14,,,11:21,,,11:30,,,11:31,,
VIRAR,,,11:21,,11:25,11:28,,,11:37,,,11:37,,
W.E.F.  19.02.2026,,,,,,,,,,,,,,
STATIONS,,,,,,,,,,,,,,
DN TRAINS,,,,,,,,,,,,,,
CHURCHGATE,10:17,10:17,10:20,,10:24,10:24,,10:27,10:29,10:30,10:32,10:33,10:36,
Marine Lines,10:20,,10:23,,10:27,,,10:30,,10:33,,10:36,,
Charni Road,10:22,,10:25,,10:29,,,10:32,,10:35,,10:38,,
Grant Road,10:25,,10:28,,10:32,,,10:35,,10:38,,10:41,,
M'BAI CENTRAL (L),10:27,10:27,10:30,,10:34,10:35,,10:37,10:39,10:40,10:42,10:43,10:46,
Mahalakshmi,10:30,,10:33,,10:37,,,10:40,,10:43,,10:46,,
Lower Parel,10:33,,10:36,,10:40,,,10:43,,10:46,,10:49,,
Prabhadevi,10:36,,10:39,,10:43,,,10:46,,10:49,,10:52,,
DADAR,10:38,10:34,10:41,,10:45,10:43,,10:48,10:46,10:51,10:49,10:54,10:53,
Matunga Road,10:40,,10:43,,10:47,,,10:50,,10:53,,10:56,,
Mahim Jn.,10:43,,10:46,,10:50,,,10:53,,10:56,,10:59,,
BANDRA,10:47,10:40,10:50,,10:54,10:48,,10:57,10:51,11:00,10:54,11:03,10:58,
Khar Road,10:50,,10:53,,10:57,,,11:00,,11:03,,11:06,,
Santa Cruz,10:53,,10:56,,11:00,,,11:03,,11:05,,11:08,,
Vile Parle,10:56,,10:59,,11:03,,,11:06,,11:08,,11:11,,
ANDHERI,11:00,10:51,11:03,11:05,11:09,10:57,,11:12,11:00,11:14,11:03,11:16,11:07,
Jogeshwari,11:03,,11:06,11:09,11:12,,,11:15,,,,11:19,,
Ram Mandir,11:06,,11:09,11:12,11:15,,,11:18,,,,11:22,,
Goregaon,11:08,,11:11,11:14,11:17,,,11:20,,,,11:24,,
Malad,11:12,,11:15,11:18,11:21,,,11:24,,,,11:28,,
Kandivli,11:15,,11:18,11:21,11:24,,,11:27,,,,11:31,,
BORIVALI,11:22,11:06,11:25,11:27,11:31,11:12,11:17,11:34,11:15,,11:18,11:38,11:21,
Dahisar,,11:11,,11:30,,,11:22,,11:19,,,,11:26,
Mira Road,,11:16,,11:35,,,11:27,,11:24,,,,11:31,
Bhayandar,,11:21,,11:40,,,11:32,,11:29,,,,11:38,
Naigaon,,11:27,,11:46,,,11:38,,11:34,,,,,
Vasai Road,,11:32,,11:51,,,11:44,,11:39,,,,,
Nalla Sopara,,11:38,,11:56,,,11:49,,11:44,,,,,
VIRAR,,11:44,,12:02,,,11:56,,11:51,,,,,
W.E.F.  19.02.2026,,,,,,,,,,,,,,
STATIONS,,,,,,,,,,,,,,
DN TRAINS,,,,,,,,,,,,,,
CHURCHGATE,10:36,,10:39,10:42,10:42,10:45,10:45,,10:50,10:48,10:51,10:53,,
Marine Lines,10:39,,10:42,,10:45,10:48,,,,10:51,10:54,,,
Charni Road,10:41,,10:44,,10:47,10:50,,,,10:53,10:56,,,
Grant Road,10:44,,10:47,,10:50,10:53,,,,10:56,10:59,,,
M'BAI CENTRAL (L),10:46,,10:49,10:52,10:52,10:55,10:55,,10:59,10:58,11:01,11:03,,
Mahalakshmi,10:49,,,,10:55,10:58,,,,11:01,11:04,,,
Lower Parel,10:52,,,,10:58,11:01,,,,11:04,11:07,,,
Prabhadevi,10:55,,,,11:01,11:04,,,,11:07,11:10,,,
DADAR,10:57,10:55,,10:59,11:03,11:06,11:02,,11:06,11:09,11:12,11:10,,
Matunga Road,10:59,,,,11:05,11:08,,,,11:11,11:14,,,
Mahim Jn.,11:02,,,,11:08,11:11,,,,11:14,11:17,,,
BANDRA,11:06,11:02,,11:05,11:12,11:15,11:08,,11:12,11:18,11:21,11:16,,
Khar Road,11:09,,,,11:15,11:18,,,,11:21,11:24,,,
Santa Cruz,11:11,,,,11:17,11:21,,,,11:23,11:26,,,
Vile Parle,11:14,,,,11:20,11:24,,,,11:27,11:29,,,
ANDHERI,11:19,11:11,,11:14,11:25,,11:17,,11:21,11:33,11:34,11:26,,
Jogeshwari,11:22,,,,11:28,,,,,11:36,11:37,,,
Ram Mandir,11:25,,,,11:31,,,,,11:39,11:40,,,
Goregaon,11:27,,,,11:33,,,,,11:41,11:44,,,
Malad,11:31,,,11:21,11:37,,,,,11:45,,,,
Kandivli,11:34,,,,11:40,,,,,11:48,,,,
BORIVALI,11:41,11:24,,,11:47,,11:30,,11:35,11:54,,11:39,11:37,
Dahisar,11:46,11:27,,,,,11:34,,,11:58,,11:42,11:42,
Mira Road,11:51,11:31,,,,,11:39,,,12:03,,11:46,11:47,
Bhayandar,11:57,11:36,,,,,11:44,,,12:11,,11:51,11:52,
Naigaon,12:03,11:41,,,,,11:50,,,,,11:57,11:58,
Vasai Road,12:08,11:45,,,,,11:55,,,,,12:02,12:03,
Nalla Sopara,12:13,11:50,,,,,12:00,,,,,12:07,12:08,
VIRAR,,11:57,,,,,12:07,12:00,,,,12:14,12:16,
W.E.F.  19.02.2026,,,,,,,,,,,,,,
STATIONS,,,,,,,,,,,,,,
DN TRAINS,,,,,,,,,,,,,,
CHURCHGATE,10:54,10:57,10:57,11:00,11:00,,11:03,11:06,,11:06,11:09,11:09,11:12,
Marine Lines,10:57,,11:00,11:03,11:03,,11:06,11:09,,11:09,11:12,11:12,11:15,
Charni Road,10:59,,11:02,11:05,11:05,,11:08,11:11,,11:11,11:14,11:14,11:17,
Grant Road,11:02,,11:05,11:08,11:08,,11:11,11:14,,11:14,11:17,11:17,11:20,
M'BAI CENTRAL (L),11:04,11:07,11:07,11:10,11:10,,11:13,11:16,,11:16,11:19,11:19,11:22,
Mahalakshmi,11:07,,11:10,,,,11:16,,,11:19,11:22,,,
Lower Parel,11:10,,11:13,,,,11:19,,,11:22,11:25,,,
Prabhadevi,11:13,,11:16,,,,11:22,,,11:25,11:28,,,
DADAR,11:15,11:14,11:19,,11:17,,11:24,11:23,,11:27,11:30,11:26,,
Matunga Road,11:17,,11:21,,,,11:26,,,11:29,11:32,,,
Mahim Jn.,11:20,,11:24,,,,11:29,,,11:32,11:35,,,
BANDRA,11:24,11:20,11:28,,11:23,,11:33,11:28,,11:36,11:39,11:31,,
Khar Road,11:27,,11:31,,,,11:36,,,11:39,11:42,,,
Santa Cruz,11:29,,11:33,,,,11:38,,,11:41,11:44,,,
Vile Parle,11:32,,11:36,,,,11:41,,,11:44,11:47,,,
ANDHERI,11:37,11:29,11:41,,11:32,,11:46,11:37,,11:48,11:53,11:40,,
Jogeshwari,11:40,,11:44,,,,11:49,,,11:52,11:56,,,
Ram Mandir,11:43,,11:47,,,,11:52,,,11:55,11:59,,,
Goregaon,11:45,,11:49,,,,11:54,,,11:58,12:01,,,
Malad,11:49,,11:53,,11:39,,11:58,,,,12:05,,,
Kandivli,11:52,,11:56,,,,12:01,,,,12:08,,,
BORIVALI,11:59,11:43,12:03,,,,12:07,11:51,12:08,,12:15,11:55,,
Dahisar,,11:47,,,,,,11:56,12:12,,,11:59,,
Mira Road,,11:52,,,,,,12:01,12:17,,,12:04,,
Bhayandar,,11:57,,,,,,12:06,12:22,,,12:09,,
Naigaon,,12:03,,,,,,12:12,12:28,,,12:15,,
Vasai Road,,12:08,,,,,,12:17,12:33,,,12:21,,
Nalla Sopara,,12:13,,,,,,12:22,12:38,,,12:27,,
VIRAR,,12:20,,,,12:20,,12:30,12:45,,,12:35,,
W.E.F.  19.02.2026,,,,,,,,,,,,,,
STATIONS,,,,,,,,,,,,,,
DN TRAINS,,,,,,,,,,,,,,
CHURCHGATE,11:12,11:15,,11:15,11:18,11:21,11:21,11:24,,11:24,11:27,11:27,11:30,
Marine Lines,11:15,11:18,,11:18,11:21,11:24,11:24,11:27,,11:27,,11:30,11:33,
Charni Road,11:17,11:20,,11:20,11:23,11:26,11:26,11:29,,11:29,,11:32,11:35,
Grant Road,11:20,11:23,,11:23,11:26,11:29,11:29,11:32,,11:32,,11:35,11:38,
M'BAI CENTRAL (L),11:22,11:25,,11:25,11:28,11:31,11:31,11:34,,11:34,11:37,11:37,11:40,
Mahalakshmi,,11:28,,,11:31,,,,,11:37,,,,
Lower Parel,,11:31,,,11:34,,,,,11:40,,,,
Prabhadevi,,11:34,,,11:37,,,,,11:43,,,,
DADAR,11:29,11:36,,11:32,11:39,11:38,,11:41,,11:45,11:44,,11:47,
Matunga Road,,11:38,,,11:41,,,,,11:47,,,,
Mahim Jn.,,11:41,,,11:44,,,,,11:50,,,,
BANDRA,11:34,11:45,,11:38,11:48,11:44,,11:47,,11:54,11:50,,11:53,
Khar Road,,11:48,,,11:52,,,,,11:57,,,,
Santa Cruz,,11:50,,,11:55,,,,,11:59,,,,
Vile Parle,,11:53,,,11:58,,,,,12:02,,,,
ANDHERI,11:43,11:59,,11:47,12:02,11:54,,11:57,12:01,12:07,12:00,,12:03,
Jogeshwari,,12:03,,,12:06,,,,12:06,12:10,,,,
Ram Mandir,,12:06,,,12:09,,,,12:09,12:13,,,,
Goregaon,,12:08,,,12:13,,,,12:11,12:15,,,,
Malad,,12:12,,,,,,12:09,12:15,12:19,,,,
Kandivli,,12:15,,,,,,,12:18,12:22,,,,
BORIVALI,11:59,12:21,12:21,12:01,,12:10,,,12:24,12:29,12:13,,12:16,
Dahisar,,,12:26,12:05,,,,,12:29,,12:16,,12:20,
Mira Road,,,12:31,12:10,,,,,12:34,,12:21,,12:25,
Bhayandar,,,12:36,12:15,,,,,12:39,,12:26,,12:31,
Naigaon,,,12:42,12:21,,,,,12:45,,12:32,,,
Vasai Road,,,12:47,12:26,,,,,12:51,,12:36,,,
Nalla Sopara,,,12:52,12:31,,,,,12:56,,12:41,,,
VIRAR,,,12:59,12:38,,,,,13:03,,12:48,,,
W.E.F.  19.02.2026,,,,,,,,,,,,,,
STATIONS,,,,,,,,,,,,,,
DN TRAINS,,,,,,,,,,,,,,
CHURCHGATE,,11:33,11:33,11:38,,11:38,11:41,11:44,11:48,11:49,,11:51,,
Marine Lines,,11:36,11:36,11:41,,11:41,11:44,11:47,11:51,11:52,,11:54,,
Charni Road,,11:38,11:38,11:43,,11:43,11:46,11:49,11:53,11:54,,11:56,,
Grant Road,,11:41,11:41,11:46,,11:46,11:49,11:52,11:56,11:57,,11:59,,
Mahalakshmi,,11:46,,,,11:51,11:54,11:57,,12:02,,,,
Lower Parel,,11:49,,,,11:54,11:57,12:00,,12:05,,,,
Prabhadevi,,11:52,,,,11:57,12:00,12:03,,12:08,,,,
DADAR,,11:54,11:50,11:55,,11:59,12:02,12:05,12:05,12:10,12:06,12:10,,
Matunga Road,,11:56,,,,12:01,12:04,12:07,,12:12,,,,
Mahim Jn.,,11:59,,,,12:04,12:07,12:10,,12:15,,,,
BANDRA,11:57,12:03,11:56,12:01,,12:08,12:11,12:14,12:10,12:19,,12:17,,
Khar Road,12:01,12:06,,,,12:11,12:14,12:17,,12:22,,,,
Santa Cruz,12:03,12:08,,,,12:13,12:16,12:19,,12:24,,,,
Vile Parle,12:06,12:11,,,,12:16,12:19,12:22,,12:27,,,,
ANDHERI,12:11,12:16,12:06,12:10,12:18,12:22,12:25,12:28,12:18,12:32,12:21,12:25,12:35,
Jogeshwari,12:14,12:19,,,12:22,12:25,12:28,12:31,,12:36,,,12:40,
Ram Mandir,12:17,12:22,,,12:25,12:28,12:31,12:34,,12:39,,,12:43,
Goregaon,12:19,12:24,,,12:27,12:30,12:33,12:36,,12:41,,,12:45,
Malad,12:23,12:28,,,12:31,12:34,12:37,12:40,,12:45,,12:36,12:49,
Kandivli,12:26,12:31,,,12:34,12:37,12:40,12:43,,12:48,,,12:52,
BORIVALI,12:32,12:37,12:20,12:23,12:39,12:43,12:46,12:49,12:28,12:55,,,12:58,
Dahisar,12:37,,12:24,12:27,12:43,12:47,,,12:33,,12:33,,13:02,
Mira Road,12:42,,12:28,12:31,12:48,12:52,,,12:38,,,,13:07,
Bhayandar,12:50,,12:33,12:36,12:53,12:57,,,12:43,,12:38,,13:13,
Naigaon,,,12:38,12:42,12:59,13:03,,,12:49,,,,13:19,
Vasai Road,,,12:43,12:49,13:04,13:08,,,12:53,,12:45,,13:24,
W.E.F.  19.02.2026,,,,,,,,,,,,,,
STATIONS,,,,,,,,,,,,,,
DN TRAINS,,,,,,,,,,,,,,
CHURCHGATE,,11:52,11:56,12:00,12:02,12:06,12:05,12:09,,,12:08,12:11,12:13,
Marine Lines,,11:55,11:59,12:03,12:05,12:09,12:08,,,,12:11,12:14,12:16,
Charni Road,,11:57,12:01,12:05,12:07,12:11,12:10,,,,12:13,12:16,12:18,
Grant Road,,12:00,12:04,12:08,12:10,12:14,12:13,,,,12:16,12:19,12:21,
M'BAI CENTRAL (L),,12:02,12:06,12:10,12:12,12:16,12:15,12:19,,,12:18,12:21,12:23,
Mahalakshmi,,12:05,12:09,,12:15,,12:18,,,,12:21,12:24,,
Lower Parel,,12:08,12:12,,12:18,,12:21,,,,12:24,12:27,,
Prabhadevi,,12:11,12:15,,12:21,,12:24,,,,12:27,12:30,,
DADAR,,12:13,12:17,12:17,12:23,12:23,12:26,12:26,,,12:29,12:32,12:30,
Matunga Road,,12:15,12:19,,12:25,,12:28,,,,12:31,12:34,,
Mahim Jn.,,12:18,12:22,,12:28,,12:31,,,,12:34,12:37,,
BANDRA,,12:22,12:26,12:22,12:32,12:28,12:35,12:32,,,12:38,12:41,12:35,
Khar Road,,12:25,12:29,,12:35,,12:38,,,,12:41,12:44,,
Santa Cruz,,12:27,12:31,,12:37,,12:40,,,,12:43,12:47,,
Vile Parle,,12:30,12:34,,12:40,,12:43,,,,12:46,12:50,,
ANDHERI,,12:35,12:39,12:30,12:45,12:36,12:48,12:40,,12:51,12:52,12:55,12:43,
Jogeshwari,,12:39,12:42,,12:49,,12:52,,,12:55,12:56,12:59,,
Ram Mandir,,12:42,12:45,,12:52,,12:55,,,12:58,12:59,13:02,,
Goregaon,,12:45,12:47,,12:54,,12:57,,,13:00,13:03,13:04,,
Malad,,,12:51,,12:58,,13:01,,,13:04,,13:08,,
Kandivli,,,12:54,,13:01,,13:04,,,13:07,,13:11,,
BORIVALI,,,13:00,12:46,13:07,12:50,13:10,12:54,13:01,13:13,,13:17,12:58,
Dahisar,,,,12:51,,12:54,,12:59,13:07,13:17,,,,
Mira Road,,,,12:56,,12:59,,13:04,13:12,13:22,,,,
Bhayandar,,,,13:01,,13:07,,13:09,13:17,13:27,,,,
Naigaon,,,,13:07,,,,13:15,13:23,13:33,,,,
Vasai Road,,,,13:13,,,,13:20,13:28,13:38,,,,
Nalla Sopara,,,,13:18,,,,13:25,13:33,13:43,,,,
VIRAR,13:20,,,13:25,,,,13:33,13:40,13:51,,,,
W.E.F.  19.02.2026,,,,,,,,,,,,,,
STATIONS,,,,,,,,,,,,,,
DN TRAINS,,,,,,,,,,,,,,
CHURCHGATE,12:16,12:16,12:19,12:20,12:22,12:26,12:29,12:29,12:33,12:34,,12:37,12:41,
Marine Lines,12:19,12:19,12:22,12:23,12:25,12:29,12:32,12:32,12:36,12:37,,12:40,12:44,
Charni Road,12:21,12:21,12:24,12:25,12:27,12:31,12:34,12:34,12:38,12:39,,12:42,12:46,
Grant Road,12:24,12:24,12:27,12:28,12:30,12:34,12:37,12:37,12:41,12:42,,12:45,12:49,
M'BAI CENTRAL (L),12:26,12:26,12:29,12:30,12:32,12:36,12:39,12:39,12:43,12:44,,12:47,12:51,
Mahalakshmi,12:29,,12:32,,12:35,12:39,12:42,,12:46,,,12:50,12:54,
Lower Parel,12:32,,12:35,,12:38,12:42,12:45,,12:49,,,12:53,12:57,
Prabhadevi,12:35,,12:38,,12:41,12:45,12:48,,12:52,,,12:56,13:00,
DADAR,12:37,12:33,12:40,12:37,12:43,12:47,12:50,12:46,12:54,12:51,,12:58,13:02,
Matunga Road,12:39,,12:42,,12:45,12:49,12:52,,12:56,,,13:00,13:04,
Mahim Jn.,12:42,,12:45,,12:48,12:52,12:55,,12:59,,,13:03,13:07,
BANDRA,12:46,12:38,12:49,12:43,12:52,12:56,12:59,12:52,13:03,12:57,,13:07,13:11,
Khar Road,12:49,,12:52,,12:55,12:59,13:02,,13:06,,,13:10,13:14,
Santa Cruz,12:51,,12:54,,12:58,13:02,13:05,,13:09,,,13:13,13:17,
Vile Parle,12:54,,12:57,,13:01,13:05,13:08,,13:12,,,13:16,13:20,
ANDHERI,12:59,12:46,13:02,12:52,13:06,13:10,13:13,13:03,13:17,13:07,13:20,13:22,13:25,
Jogeshwari,13:02,,13:05,,13:09,13:13,13:16,,13:20,,13:23,13:26,13:28,
Ram Mandir,13:05,,13:08,,13:12,13:16,13:19,,13:23,,13:26,13:29,13:31,
Goregaon,13:07,,13:10,,13:14,13:18,13:21,,13:25,,13:28,13:33,13:33,
Malad,13:11,,13:14,,13:18,13:22,13:25,,13:29,,13:32,,13:37,
Kandivli,13:14,,13:17,,13:21,13:25,13:28,,13:32,,13:35,,13:40,
BORIVALI,13:21,13:01,13:24,13:05,13:27,13:32,13:34,13:18,13:38,13:21,13:40,,13:46,
Dahisar,,,,13:09,,,13:38,,,13:27,13:44,,,
Mira Road,,,,13:13,,,13:43,,,13:32,13:49,,,
Bhayandar,,13:09,,13:18,,,13:48,13:27,,13:37,13:55,,,
Naigaon,,,,13:24,,,13:54,,,13:43,,,,
Vasai Road,,13:17,,13:32,,,13:59,13:36,,13:48,,,,
Nalla Sopara,,,,,,,14:04,,,13:53,,,,
VIRAR,,13:27,,,,,14:10,13:46,,13:59,,,,
W.E.F.  19.02.2026,,,,,,,,,,,,,,
STATIONS,,,,,,,,,,,,,,
DN TRAINS,,,,,,,,,,,,,,
CHURCHGATE,12:41,12:45,12:48,,12:54,12:54,,12:58,13:02,13:03,,13:05,13:08,13:12
Marine Lines,12:44,12:48,12:51,,12:57,,,13:01,13:05,,,13:08,13:11,13:15
Charni Road,12:46,12:50,12:53,,12:59,,,13:03,13:07,,,13:10,13:13,13:17
Grant Road,12:49,12:53,12:56,,13:02,,,13:06,13:10,,,13:13,13:16,13:20
M'BAI CENTRAL (L),12:51,12:55,12:58,,13:04,13:02,,13:08,13:12,13:11,,13:15,13:18,13:22
Mahalakshmi,,12:58,13:01,,13:07,,,13:11,13:15,,,13:18,13:21,13:25
Lower Parel,,13:01,13:04,,13:10,,,13:14,13:18,,,13:21,13:24,13:28
Prabhadevi,,13:04,13:07,,13:13,,,13:17,13:21,,,13:24,13:27,13:31
DADAR,12:58,13:06,13:09,,13:15,13:09,13:12,13:19,13:23,13:18,13:23,13:26,13:29,13:33
Matunga Road,,13:08,13:11,,13:17,,,13:21,13:25,,,13:28,13:31,13:35
Mahim Jn.,,13:11,13:14,,13:20,,,13:24,13:28,,,13:31,13:34,13:38
BANDRA,13:04,13:15,13:18,13:21,13:24,13:14,13:19,13:28,13:32,13:23,13:29,13:35,13:38,13:42
Khar Road,,13:18,13:21,13:25,13:27,,,13:31,13:35,,,13:38,13:41,13:45
Santa Cruz,,13:21,13:24,13:27,13:30,,,13:33,13:37,,,13:40,13:44,13:48
Vile Parle,,13:24,13:27,13:30,13:33,,,13:36,13:40,,,13:43,13:47,13:51
ANDHERI,13:13,13:29,13:33,13:35,13:38,13:24,13:28,13:41,13:45,13:32,13:37,13:48,13:52,13:56
Jogeshwari,,13:32,13:36,13:38,13:41,,,13:44,13:48,,,13:51,13:55,13:59
Ram Mandir,,13:35,13:39,13:41,13:44,,,13:47,13:51,,,13:54,13:58,14:02
Goregaon,,13:37,13:41,13:43,13:46,,,13:49,13:53,,,13:56,14:00,14:04
Malad,,13:41,13:45,13:48,13:50,,,13:53,13:57,,,14:00,14:04,14:08
Kandivli,,13:44,13:48,13:51,13:53,,,13:56,14:00,,,14:03,14:07,14:11
BORIVALI,13:28,13:50,13:54,13:56,13:59,13:41,13:45,14:03,14:07,13:49,13:52,14:10,14:13,14:18
Dahisar,13:32,,,14:01,,13:45,13:52,,,,13:58,,14:18,
Mira Road,13:37,,,14:06,,13:50,13:57,,,,14:03,,14:23,
Bhayandar,13:42,,,14:12,,13:55,14:02,,,14:01,14:08,,14:28,
Naigaon,13:48,,,,,14:00,14:08,,,,14:14,,14:34,
Vasai Road,13:53,,,,,14:05,14:13,,,14:09,14:19,,14:40,
Nalla Sopara,13:58,,,,,14:11,14:18,,,,14:24,,14:45,
VIRAR,14:04,,,,,14:20,14:24,,,14:21,14:32,,14:52,
W.E.F.  19.02.2026,,,,,,,,,,,,,,
STATIONS,,,,,,,,,,,,,,
DN TRAINS,,,,,,,,,,,,,,
CHURCHGATE,13:16,13:16,13:19,13:20,13:23,,,13:27,,13:32,13:32,13:38,13:38,
Marine Lines,13:19,13:19,13:22,13:23,13:26,,,13:30,,13:35,13:35,13:41,13:41,
Charni Road,13:21,13:21,13:24,13:25,13:28,,,13:32,,13:37,13:37,13:43,13:43,
Grant Road,13:24,13:24,13:27,13:28,13:31,,,13:35,,13:40,13:40,13:46,13:46,
M'BAI CENTRAL (L),13:26,13:26,13:29,13:30,13:33,,,13:37,,13:42,13:42,13:48,13:48,
Mahalakshmi,13:29,,13:32,,13:36,,,13:40,,13:45,,13:51,,
Lower Parel,13:32,,13:35,,13:39,,,13:43,,13:48,,13:54,,
Prabhadevi,13:35,,13:38,,13:42,,,13:46,,13:51,,13:57,,
DADAR,13:37,13:33,13:40,13:37,13:44,13:40,,13:48,,13:53,13:49,13:59,13:55,
Matunga Road,13:39,,13:42,,13:46,,,13:50,,13:55,,14:01,,
Mahim Jn.,13:42,,13:45,,13:49,,,13:53,,13:58,,14:04,,
BANDRA,13:46,13:38,13:49,13:42,13:53,13:47,,13:57,,14:02,13:55,14:08,14:01,
Khar Road,13:49,,13:52,,13:56,,,14:00,,14:05,,14:11,,
Santa Cruz,13:52,,13:55,,13:59,,,14:03,,14:08,,14:13,,
Vile Parle,13:55,,13:58,,14:02,,,14:06,,14:11,,14:16,,
ANDHERI,14:00,13:46,14:03,13:50,14:06,13:55,14:00,14:10,14:13,14:16,14:06,14:20,14:09,
Jogeshwari,14:03,,14:06,,14:09,,,14:13,14:17,14:20,14:10,14:23,,
Ram Mandir,14:06,,14:09,,14:12,,,14:16,14:20,14:23,,14:26,,
Goregaon,14:08,,14:11,,14:16,,,14:18,14:22,14:25,14:15,14:28,,
Malad,14:12,,14:15,,,,,14:22,14:26,14:29,14:19,14:32,,
Kandivli,14:15,,14:18,,,,,14:25,14:29,14:32,14:22,14:35,,
BORIVALI,14:21,14:01,14:24,14:05,,14:07,,14:32,14:35,14:38,14:28,14:41,14:22,
Dahisar,,14:06,14:28,14:11,,,14:20,,14:40,,,,14:26,
Mira Road,,14:11,14:33,14:16,,,,,14:45,,,,14:31,
Bhayandar,,14:16,14:40,14:20,,14:15,14:26,,14:50,,,,14:36,
Naigaon,,14:22,,14:26,,,,,14:56,,,,14:42,
Vasai Road,,14:27,,14:31,,14:24,14:33,,15:01,,,,14:47,
Nalla Sopara,,,,14:36,,14:30,,,15:06,,,,14:53,
VIRAR,,,,14:44,,14:37,14:42,,15:12,,,,15:00,
W.E.F.  19.02.2026,,,,,,,,,,,,,,
STATIONS,,,,,,,,,,,,,,
DN TRAINS,,,,,,,,,,,,,,
CHURCHGATE,13:41,,13:45,13:48,13:49,13:52,13:53,,,13:58,,14:02,14:02,14:05
Marine Lines,13:44,,13:48,13:51,13:52,13:55,13:56,,,14:01,,14:05,14:05,14:08
Charni Road,13:46,,13:50,13:53,13:54,13:57,13:59,,,14:03,,14:07,14:07,14:10
Grant Road,13:49,,13:53,13:56,13:57,14:00,14:01,,,14:06,,14:10,14:10,14:13
M'BAI CENTRAL (L),13:51,,13:55,13:58,14:00,14:02,14:04,,,14:08,,14:12,14:12,14:15
Mahalakshmi,13:54,,13:58,14:01,,14:05,,,,14:11,,14:15,,
Lower Parel,13:57,,14:01,14:04,,14:08,,,,14:14,,14:18,,
Prabhadevi,14:00,,14:04,14:07,,14:11,,,,14:17,,14:21,,
DADAR,14:02,14:00,14:06,14:09,14:08,14:13,14:12,,,14:19,14:17,14:23,14:20,14:22
Matunga Road,14:04,,14:08,14:11,,14:15,,,,14:21,,14:25,,
Mahim Jn.,14:07,,14:11,14:14,,14:18,,,,14:24,,14:28,,
BANDRA,14:12,14:06,14:15,14:18,14:13,14:22,14:18,,,14:28,14:23,14:32,14:26,14:30
Khar Road,,,14:18,14:22,,14:25,,,,14:31,,14:35,,
Santa Cruz,,,14:20,14:24,,14:28,,,,14:34,,14:38,,
Vile Parle,,,14:23,14:27,,14:31,,,,14:37,,14:41,,
ANDHERI,,14:14,14:28,14:32,14:21,14:36,14:28,,14:24,14:43,14:32,14:47,14:35,14:39
Jogeshwari,,,14:31,14:35,,14:39,,,,14:46,,14:51,,14:43
Ram Mandir,,,14:34,14:38,,14:42,,,,14:49,,14:54,,
Goregaon,,,14:36,14:40,,14:44,,,,14:51,,14:59,,14:48
Malad,,,14:40,14:44,,14:48,,,,14:55,,,,14:52
Kandivli,,,14:43,14:47,,14:51,,,,14:58,,,,14:55
BORIVALI,,14:28,14:50,14:54,14:35,14:56,14:41,,14:38,15:04,14:46,,14:49,15:01
Dahisar,,14:32,,,,15:01,,,14:44,,14:49,,14:53,
Mira Road,,14:37,,,,15:07,,,14:49,,14:54,,14:58,
Bhayandar,,14:42,,,,15:12,14:50,,14:54,,14:59,,15:03,
Naigaon,,14:48,,,,15:18,,,15:00,,15:05,,15:09,
Vasai Road,,14:54,,,,15:23,14:58,,15:06,,15:10,,15:14,
Nalla Sopara,,15:00,,,,15:29,,,,,15:15,,15:19,
VIRAR,,15:07,,,,15:36,15:08,15:00,,,15:21,,15:25,
W.E.F.  19.02.2026,,,,,,,,,,,,,,
STATIONS,,,,,,,,,,,,,,
DN TRAINS,,,,,,,,,,,,,,
CHURCHGATE,14:10,14:08,,14:13,14:15,14:17,14:20,,,,,14:24,14:27,
Marine Lines,14:13,14:11,,14:16,14:18,14:20,14:23,,,,,14:27,14:30,
Charni Road,14:15,14:13,,14:18,14:20,14:22,14:25,,,,,14:29,14:32,
Grant Road,14:18,14:16,,14:21,14:23,14:25,14:28,,,,,14:32,14:35,
M'BAI CENTRAL (L),14:20,14:18,,14:23,14:25,14:27,14:30,,,,,14:34,14:37,
Mahalakshmi,,14:21,,14:26,,14:30,14:33,,,,,14:37,14:40,
Lower Parel,,14:24,,14:29,,14:33,14:36,,,,,14:40,14:43,
Prabhadevi,,14:27,,14:32,,14:36,14:39,,,,,14:43,14:46,
DADAR,14:27,14:29,,14:34,14:32,14:38,14:41,,,14:50,,14:45,14:48,
Matunga Road,,14:31,,14:36,,14:40,14:43,,,,,14:47,14:50,
Mahim Jn.,,14:34,,14:39,,14:43,14:46,,,,,14:50,14:54,
BANDRA,14:33,14:38,,14:43,14:38,14:47,14:50,,,14:57,,14:54,14:57,
Khar Road,,14:41,,14:46,,14:50,14:53,,,,,14:57,15:00,
Santa Cruz,,14:44,,14:49,,14:53,14:56,,,,,15:00,15:03,
Vile Parle,,14:47,,14:52,,14:56,14:59,,,,,15:03,15:06,
ANDHERI,14:42,14:51,14:54,14:57,14:46,15:01,15:05,14:50,,15:06,,15:08,15:11,
Jogeshwari,,14:54,14:58,15:01,,15:05,,,,,,15:12,15:15,
Ram Mandir,,14:57,15:01,15:04,,15:08,,,,,,15:15,15:18,
Goregaon,,14:59,15:03,15:06,,15:10,,,,,,15:17,15:20,
Malad,,15:03,15:07,15:10,,15:14,,,,,,15:21,15:24,
Kandivli,,15:06,15:10,15:13,,15:17,,,,,,15:24,15:27,
BORIVALI,14:53,15:12,15:16,15:18,14:59,15:23,,15:05,,15:17,15:23,15:30,15:33,
Dahisar,14:57,,15:22,,15:05,,,15:09,,,,,15:38,
Mira Road,15:02,,15:27,,15:10,,,15:14,,,,,15:43,
Bhayandar,15:07,,15:32,,15:17,,,15:19,,15:27,15:35,,15:50,
Naigaon,15:13,,15:38,,,,,15:24,,,,,,
Vasai Road,15:18,,15:45,,,,,15:29,,15:35,15:48,,,
Nalla Sopara,15:23,,,,,,,15:34,,,,,,
VIRAR,15:32,,,,,,,15:41,15:45,15:47,16:00,,,
W.E.F.  19.02.2026,,,,,,,,,,,,,,
STATIONS,,,,,,,,,,,,,,
DN TRAINS,,,,,,,,,,,,,,
CHURCHGATE,14:30,14:33,14:33,14:40,14:37,14:41,,14:45,14:49,14:50,14:53,14:53,14:57,
Marine Lines,14:33,14:36,14:36,14:43,14:40,14:44,,14:48,14:52,14:53,14:56,14:56,15:00,
Charni Road,14:35,14:38,14:38,14:45,14:42,14:46,,14:50,14:54,14:55,14:58,14:58,15:02,
Grant Road,14:38,14:41,14:41,14:48,14:45,14:49,,14:53,14:57,14:58,15:01,15:01,15:05,
M'BAI CENTRAL (L),14:40,14:45,14:43,14:50,14:47,14:51,,14:55,14:59,15:00,15:03,15:03,15:07,
Mahalakshmi,14:43,,14:46,,14:50,14:54,,14:58,15:02,,15:06,,15:10,
Lower Parel,14:46,,14:49,,14:53,14:57,,15:01,15:05,,15:09,,15:13,
Prabhadevi,14:49,,14:52,,14:56,15:00,,15:04,15:08,,15:12,,15:16,
DADAR,14:51,14:54,14:54,14:58,14:58,15:02,,15:06,15:10,15:07,15:14,15:10,15:18,
Matunga Road,14:53,,14:56,,15:00,15:04,,15:08,15:12,,15:16,,15:20,
Mahim Jn.,14:57,,14:59,,15:03,15:07,,15:11,15:15,,15:19,,15:23,
BANDRA,15:00,15:00,15:03,15:05,15:07,15:11,,15:15,15:19,15:13,15:23,15:16,15:27,
Khar Road,15:03,,15:06,,15:10,15:14,,15:18,15:22,,15:26,,15:30,
Santa Cruz,15:06,,15:09,,15:13,15:16,,15:21,15:25,,15:29,,15:33,
Vile Parle,15:09,,15:12,,15:16,15:19,,15:24,15:28,,15:32,,15:36,
ANDHERI,15:14,15:09,15:17,15:16,15:21,15:24,15:27,15:29,15:34,15:21,15:37,15:24,15:42,
Jogeshwari,15:18,,15:20,,15:24,15:27,15:31,15:33,15:37,,15:40,,15:46,
Ram Mandir,15:21,,15:23,,15:27,15:30,15:34,15:36,15:40,,15:43,,15:49,
Goregaon,15:23,,15:25,,15:29,15:32,15:36,15:40,15:42,,15:45,,15:53,
Malad,15:27,,15:29,,15:33,15:36,15:40,,15:46,,15:49,,,
Kandivli,15:30,,15:32,,15:36,15:39,15:43,,15:49,,15:52,,,
BORIVALI,15:37,15:20,15:38,15:27,15:43,15:47,15:49,,15:55,15:35,15:58,15:38,,
Dahisar,,15:24,,15:33,,,15:54,,,,,15:42,,
Mira Road,,15:29,,15:38,,,15:58,,,,,15:46,,
Bhayandar,,15:34,,15:43,,,16:04,,,,,15:51,,
Naigaon,,15:39,,15:48,,,,,,,,15:57,,
W.E.F.  19.02.2026,,,,,,,,,,,,,,
STATIONS,,,,,,,,,,,,,,
DN TRAINS,,,,,,,,,,,,,,
CHURCHGATE,14:58,,,15:00,,15:05,15:07,,15:10,15:12,15:13,15:16,15:18,
Marine Lines,15:01,,,15:03,,15:08,15:10,,15:13,15:15,15:16,15:19,15:21,
Charni Road,15:03,,,15:05,,15:10,15:12,,15:15,15:17,15:18,15:21,15:23,
Grant Road,15:06,,,15:08,,15:13,15:15,,15:18,15:20,15:21,15:24,15:26,
M'BAI CENTRAL (L),15:08,,,15:10,,15:15,15:17,,15:20,15:22,15:23,15:26,15:28,
Mahalakshmi,,,,15:13,,15:18,,,15:23,,15:26,15:29,,
Lower Parel,,,,15:16,,15:21,,,15:26,,15:29,15:32,,
Prabhadevi,,,,15:19,,15:24,,,15:29,,15:32,15:35,,
DADAR,15:15,,,15:21,,15:27,15:24,15:25,15:31,15:29,15:34,15:37,15:35,
Matunga Road,,,,15:23,,15:30,,,15:33,,15:36,15:39,,
Mahim Jn.,,,,15:26,,15:33,,,15:36,,15:39,15:42,,
BANDRA,15:20,,,15:30,15:35,15:38,15:30,15:33,15:41,15:36,15:43,15:46,15:40,
Khar Road,,,,15:33,15:38,15:41,,,15:45,,15:46,15:49,,
Santa Cruz,,,,15:35,15:40,15:43,,,15:47,,15:49,15:51,,
Vile Parle,,,,15:38,15:43,15:46,,,15:50,,15:52,15:54,,
ANDHERI,15:28,,,15:43,15:48,15:51,15:39,15:42,15:55,15:45,15:58,15:59,15:48,
Jogeshwari,,,,15:48,15:52,15:55,,,15:59,,16:02,16:02,,
Ram Mandir,,,,15:51,15:55,15:58,,,16:02,,16:05,16:05,,
Goregaon,,,,15:53,15:57,16:00,,,16:04,,16:10,16:07,,
Malad,,,,15:57,16:01,16:04,,,16:08,,,16:11,,
Kandivli,,,,16:00,16:04,16:07,,,16:11,,,16:14,,
BORIVALI,15:41,15:44,16:00,16:06,16:09,16:13,15:53,15:57,16:17,16:00,,16:20,16:03,
Dahisar,15:45,15:50,16:04,,16:13,,15:57,16:02,,,,,,
Mira Road,15:50,15:55,16:09,,16:18,,16:02,16:07,,,,,,
Bhayandar,15:55,16:00,16:14,,16:23,,16:07,16:12,,,,,16:12,
Naigaon,16:00,16:06,16:20,,16:29,,16:13,16:18,,,,,,
Vasai Road,16:05,16:11,16:26,,16:34,,16:18,16:23,,,,,16:21,
Nalla Sopara,16:12,16:16,,,16:39,,16:23,16:28,,,,,,
VIRAR,16:19,16:25,,,16:48,,16:30,16:37,,,,,16:29,
W.E.F.  19.02.2026,,,,,,,,,,,,,,
STATIONS,,,,,,,,,,,,,,
DN TRAINS,,,,,,,,,,,,,,
CHURCHGATE,15:19,15:21,15:22,15:26,15:26,,15:32,,15:32,15:36,15:43,,15:41,
Marine Lines,15:22,,15:25,15:29,15:29,,15:35,,15:35,15:39,15:46,,15:44,
Charni Road,15:24,,15:27,15:31,15:31,,15:37,,15:37,15:41,15:48,,15:46,
Grant Road,15:27,,15:30,15:34,15:34,,15:40,,15:40,15:44,15:51,,15:49,
M'BAI CENTRAL (L),15:29,15:31,15:32,15:36,15:36,,15:42,,15:42,15:46,15:53,,15:51,
Mahalakshmi,15:32,,15:35,,15:39,,15:45,,,15:49,,,15:54,
Lower Parel,15:35,,15:38,,15:42,,15:48,,,15:52,,,15:57,
Prabhadevi,15:38,,15:41,,15:45,,15:51,,,15:55,,,16:00,
DADAR,15:40,15:38,15:43,15:44,15:47,,15:53,15:45,15:50,15:57,16:00,,16:02,
Matunga Road,15:42,,15:45,,15:49,,15:55,,,15:59,,,16:04,
Mahim Jn.,15:45,,15:48,,15:52,,15:58,,,16:02,,,16:07,
BANDRA,15:49,15:43,15:52,15:49,15:56,,16:02,15:52,15:55,16:06,16:05,,16:11,
Khar Road,15:52,,15:55,,15:59,,16:06,,,16:09,,,16:14,
Santa Cruz,15:54,,15:57,,16:01,,16:08,,,16:11,,,16:16,
Vile Parle,15:57,,16:00,,16:04,,16:11,,,16:14,,,16:19,
ANDHERI,16:02,15:51,16:05,15:57,16:10,16:10,16:16,16:00,16:03,16:19,16:13,16:21,16:24,
Jogeshwari,16:05,,16:08,,16:14,16:15,16:19,,,16:22,,16:25,16:28,
Ram Mandir,16:08,,16:11,,16:17,16:18,16:22,,,16:25,,16:28,16:31,
Goregaon,16:10,,16:13,,16:21,16:20,16:24,,,16:27,,16:30,16:33,
Malad,16:14,,16:17,,,16:24,16:28,,,16:31,,16:34,16:37,
Kandivli,16:17,,16:20,,,16:27,16:31,,,16:34,,16:37,16:40,
BORIVALI,16:23,16:06,16:26,16:09,,16:31,16:37,16:13,16:17,16:39,16:27,16:43,16:46,
Dahisar,,16:11,,16:13,,16:36,,16:19,16:23,16:43,16:32,16:47,,
Mira Road,,16:16,,16:18,,16:41,,16:24,16:28,16:48,16:37,16:52,,
Bhayandar,,16:21,,16:23,,16:46,,16:29,16:35,16:53,16:42,16:57,,
Naigaon,,16:27,,16:29,,16:52,,16:35,,16:59,16:48,17:03,,
Vasai Road,,16:32,,16:33,,16:57,,16:40,,17:04,16:53,17:08,,
Nalla Sopara,,16:37,,16:38,,17:02,,16:46,,,16:58,17:13,,
VIRAR,,16:43,,16:45,,17:10,,16:55,,,17:07,17:20,,
W.E.F.  19.02.2026,,,,,,,,,,,,,,
STATIONS,,,,,,,,,,,,,,
DN TRAINS,,,,,,,,,,,,,,
CHURCHGATE,15:50,15:45,15:49,15:52,15:56,15:56,16:00,,16:02,16:05,16:05,16:08,16:11,
Marine Lines,15:53,15:48,15:52,15:55,15:59,15:59,16:03,,16:05,16:08,,16:11,16:14,
Charni Road,15:55,15:50,15:54,15:57,16:01,16:01,16:05,,16:07,16:10,,16:13,16:16,
Grant Road,15:58,15:53,15:57,16:00,16:04,16:04,16:08,,16:10,16:13,,16:16,16:19,
M'BAI CENTRAL (L),16:00,15:55,15:59,16:02,16:06,16:06,16:10,,16:12,16:15,16:14,16:18,16:21,
Mahalakshmi,,15:58,16:02,16:05,16:09,,,,16:15,16:18,,16:21,16:24,
Lower Parel,,16:01,16:05,16:08,16:12,,,16:15,16:18,16:21,,16:24,16:27,
Prabhadevi,,16:04,16:08,16:11,16:15,,,16:18,16:21,16:24,,16:27,16:30,
DADAR,16:07,16:06,16:10,16:13,16:17,16:14,16:18,16:20,16:23,16:26,16:21,16:29,16:32,
Matunga Road,,16:08,16:12,16:15,16:19,,,16:22,16:25,16:28,,16:31,16:34,
Mahim Jn.,,16:11,16:15,16:18,16:22,,,16:25,16:28,16:31,,16:34,16:37,
BANDRA,16:13,16:15,16:19,16:22,16:26,16:19,16:23,16:29,16:32,16:35,16:26,16:38,16:41,
Khar Road,,16:19,16:23,16:25,16:29,,,16:32,16:35,16:38,,16:41,16:44,
Santa Cruz,,16:21,16:25,16:27,16:31,,,16:34,16:37,16:40,,16:43,16:47,
Vile Parle,,16:24,16:28,16:30,16:34,,,16:37,16:40,16:43,,16:46,16:50,
ANDHERI,16:21,16:30,16:34,16:35,16:39,16:27,16:31,16:42,16:45,16:48,16:34,16:53,16:55,
Jogeshwari,,16:34,16:37,16:39,16:42,,,16:45,16:48,16:51,,16:57,16:58,
Ram Mandir,,16:37,16:40,16:42,16:45,,,16:48,16:51,16:54,,17:00,17:01,
Goregaon,,16:39,16:42,16:46,16:47,,,16:50,16:53,16:56,,17:04,17:03,
Malad,,16:44,16:46,,16:51,,,16:54,16:57,17:00,,,17:07,
Kandivli,,16:47,16:49,,16:54,,,16:57,17:00,17:03,,,17:10,
BORIVALI,16:35,16:53,16:56,,17:00,16:40,16:46,17:02,17:06,17:09,16:48,,17:16,
Dahisar,16:40,,,,,16:44,,17:06,,,16:51,,,
Mira Road,16:45,,,,,16:49,,17:11,,,16:56,,,
Bhayandar,16:51,,,,,16:54,,17:16,,,17:01,,,
Naigaon,,,,,,17:00,,17:22,,,17:07,,,
Vasai Road,,,,,,17:05,,17:27,,,17:12,,,
Nalla Sopara,,,,,,17:10,,17:32,,,17:17,,,
VIRAR,,,,,,17:18,,17:39,,,17:25,,,
STATIONS,,,,,,,,,,,,,,
DN TRAINS,,,,,,,,,,,,,,
CHURCHGATE,,16:12,16:16,,16:21,16:21,,,,16:27,,16:33,16:36,
Marine Lines,,,16:19,,16:24,16:24,,,,16:30,,16:36,16:39,
Charni Road,,,16:21,,16:26,16:26,,,,16:32,,16:38,16:41,
Grant Road,,,16:24,,16:29,16:29,,,,16:35,,16:41,16:44,
M'BAI CENTRAL (L),,16:22,16:26,,16:31,16:31,,,,16:37,,16:43,16:46,
Mahalakshmi,,,,16:30,16:34,,,,,16:40,,16:46,16:49,
Lower Parel,,,,16:33,16:37,,,,,16:43,,16:49,16:52,
Prabhadevi,,,,16:36,16:40,,,,,16:46,,16:52,16:55,
DADAR,,16:29,16:33,16:38,16:42,16:38,,16:48,,16:48,,16:54,16:57,
Matunga Road,,,,16:40,16:44,,,,,16:50,,16:56,16:59,
Mahim Jn.,,,,16:43,16:47,,,,,16:53,,16:59,17:02,
BANDRA,,16:34,16:38,16:47,16:51,16:43,,16:55,,16:57,,17:03,17:06,
Khar Road,,,,16:50,16:54,,,,,17:00,,17:06,17:09,
Santa Cruz,,,,16:53,16:57,,,,,17:03,,17:09,17:11,
Vile Parle,,,,16:56,17:00,,,,,17:06,,17:12,17:14,
ANDHERI,16:58,16:43,16:47,17:01,17:05,16:52,16:56,17:03,,17:11,17:13,17:17,17:20,
Jogeshwari,17:02,,,17:04,17:08,,,,,17:14,17:17,17:20,17:23,
Ram Mandir,17:05,,,17:07,17:11,,,,,17:17,17:20,17:23,17:26,
Goregaon,17:07,,,17:09,17:13,,,,,17:19,17:22,17:25,17:28,
Malad,17:11,,,17:13,17:17,,,,,17:23,17:26,17:29,17:32,
Kandivli,17:14,,,17:16,17:20,,,,,17:26,17:29,17:32,17:35,
BORIVALI,17:18,16:57,17:01,17:23,17:27,17:05,17:13,17:17,17:21,17:32,17:34,17:38,17:41,
Dahisar,17:22,17:01,17:05,,,17:10,17:18,,17:26,,17:39,,,
Mira Road,17:27,17:06,17:10,,,17:15,17:23,,17:31,,17:44,,,
Bhayandar,17:32,17:11,17:15,,,17:22,17:28,17:25,17:36,,17:49,,,
Naigaon,17:38,17:16,17:21,,,,17:34,,17:42,,17:55,,,
Vasai Road,17:43,17:21,17:26,,,,17:39,17:33,17:47,,18:00,,,
Nalla Sopara,17:48,17:26,17:31,,,,17:44,,17:53,,18:05,,,
VIRAR,17:57,17:33,17:37,,,,17:52,17:44,18:01,,18:15,,,
W.E.F.  19.02.2026,,,,,,,,,,,,,,
STATIONS,,,,,,,,,,,,,,
DN TRAINS,,,,,,,,,,,,,,
CHURCHGATE,,16:12,16:16,,16:21,16:21,,,,16:27,,16:33,16:36,
Marine Lines,,,16:19,,16:24,16:24,,,,16:30,,16:36,16:39,
Charni Road,,,16:21,,16:26,16:26,,,,16:32,,16:38,16:41,
Grant Road,,,16:24,,16:29,16:29,,,,16:35,,16:41,16:44,
M'BAI CENTRAL (L),,16:22,16:26,,16:31,16:31,,,,16:37,,16:43,16:46,
Mahalakshmi,,,,16:30,16:34,,,,,16:40,,16:46,16:49,
Lower Parel,,,,16:33,16:37,,,,,16:43,,16:49,16:52,
Prabhadevi,,,,16:36,16:40,,,,,16:46,,16:52,16:55,
DADAR,,16:29,16:33,16:38,16:42,16:38,,16:48,,16:48,,16:54,16:57,
Matunga Road,,,,16:40,16:44,,,,,16:50,,16:56,16:59,
Mahim Jn.,,,,16:43,16:47,,,,,16:53,,16:59,17:02,
BANDRA,,16:34,16:38,16:47,16:51,16:43,,16:55,,16:57,,17:03,17:06,
Khar Road,,,,16:50,16:54,,,,,17:00,,17:06,17:09,
Santa Cruz,,,,16:53,16:57,,,,,17:03,,17:09,17:11,
Vile Parle,,,,16:56,17:00,,,,,17:06,,17:12,17:14,
ANDHERI,16:58,16:43,16:47,17:01,17:05,16:52,16:56,17:03,,17:11,17:13,17:17,17:20,
Jogeshwari,17:02,,,17:04,17:08,,,,,17:14,17:17,17:20,17:23,
Ram Mandir,17:05,,,17:07,17:11,,,,,17:17,17:20,17:23,17:26,
Goregaon,17:07,,,17:09,17:13,,,,,17:19,17:22,17:25,17:28,
Malad,17:11,,,17:13,17:17,,,,,17:23,17:26,17:29,17:32,
Kandivli,17:14,,,17:16,17:20,,,,,17:26,17:29,17:32,17:35,
BORIVALI,17:18,16:57,17:01,17:23,17:27,17:05,17:13,17:17,17:21,17:32,17:34,17:38,17:41,
Dahisar,17:22,17:01,17:05,,,17:10,17:18,,17:26,,17:39,,,
Mira Road,17:27,17:06,17:10,,,17:15,17:23,,17:31,,17:44,,,
Bhayandar,17:32,17:11,17:15,,,17:22,17:28,17:25,17:36,,17:49,,,
Naigaon,17:38,17:16,17:21,,,,17:34,,17:42,,17:55,,,
Vasai Road,17:43,17:21,17:26,,,,17:39,17:33,17:47,,18:00,,,
Nalla Sopara,17:48,17:26,17:31,,,,17:44,,17:53,,18:05,,,
VIRAR,17:57,17:33,17:37,,,,17:52,17:44,18:01,,18:15,,,
W.E.F.  19.02.2026,,,,,,,,,,,,,,
STATIONS,,,,,,,,,,,,,,
DN TRAINS,,,,,,,,,,,,,,
CHURCHGATE,16:40,16:43,16:39,16:43,16:46,,,16:51,16:54,,,,16:57,
Marine Lines,16:43,16:46,16:42,16:46,16:49,,,16:54,16:57,,,,17:00,
Charni Road,16:45,16:48,16:44,16:48,16:51,,,16:56,16:59,,,,17:02,
Grant Road,16:48,16:51,16:47,16:51,16:54,,,16:59,17:02,,,,17:05,
M'BAI CENTRAL (L),16:50,16:53,16:49,16:53,16:56,,,17:01,17:04,,,,17:07,
Mahalakshmi,16:53,16:56,,,16:59,,,17:04,17:07,,,,17:10,
Lower Parel,16:56,16:59,,,17:02,,,17:07,17:10,,,,17:13,
Prabhadevi,16:59,17:02,,,17:05,,,17:10,17:13,,,,17:16,
DADAR,17:01,17:04,16:56,17:00,17:07,,,17:12,17:15,,17:18,,17:18,
Matunga Road,17:03,17:06,,,17:09,,,17:14,17:17,,,,17:20,
Mahim Jn.,17:06,17:09,,,17:12,,,17:17,17:20,,,,17:23,
BANDRA,17:10,17:13,17:01,17:05,17:16,,17:18,17:21,17:24,,17:26,,17:27,
Khar Road,17:13,17:16,,,17:19,,17:22,17:25,17:28,,,,17:30,
Santa Cruz,17:16,17:18,,,17:21,,17:24,17:27,17:30,,,,17:33,
Vile Parle,17:19,17:21,,,17:24,,17:27,17:30,17:33,,,,17:36,
ANDHERI,17:23,,17:10,17:13,17:29,,17:32,17:34,17:38,17:25,17:35,,17:40,
Jogeshwari,17:27,,,,17:32,,17:35,17:37,17:41,,,,17:44,
Ram Mandir,17:30,,,,17:35,,17:38,17:40,17:44,,,,17:47,
Goregaon,17:33,,,,17:37,,17:40,17:42,17:46,,,,17:51,
Malad,,,,,17:41,,17:44,17:46,17:50,,,,,
Kandivli,,,,,17:44,,17:47,17:49,17:53,,,,,
BORIVALI,,,17:24,17:28,17:50,17:43,17:54,17:57,18:00,17:39,17:49,,,
Dahisar,,,17:30,17:34,,17:47,18:00,,,17:44,,,,
Mira Road,,,17:35,17:39,,17:52,18:05,,,17:49,,,,
Bhayandar,,,17:40,17:44,,17:57,18:10,,,17:54,17:57,,,
Naigaon,,,17:46,17:50,,18:03,18:16,,,18:00,,,,
Vasai Road,,,17:51,17:55,,18:10,18:23,,,18:05,18:05,,,
Nalla Sopara,,,17:56,18:00,,,18:30,,,18:11,,,,
VIRAR,,,18:04,18:08,,,18:37,,,18:20,18:14,18:18,,
W.E.F.  19.02.2026,,,,,,,,,,,,,,
STATIONS,,,,,,,,,,,,,,
DN TRAINS,,,,,,,,,,,,,,
CHURCHGATE,17:00,17:03,17:04,,,17:07,17:10,17:12,17:16,17:15,,17:19,17:24,
Marine Lines,17:03,17:06,17:07,,,17:10,17:13,17:15,17:19,17:18,,17:22,17:27,
Charni Road,17:05,17:08,17:09,,,17:12,17:15,17:17,17:21,17:20,,17:24,17:29,
Grant Road,17:08,17:11,17:12,,,17:15,17:18,17:20,17:24,17:23,,17:27,17:32,
M'BAI CENTRAL (L),17:10,17:15,17:14,,,17:17,17:20,17:22,17:26,17:25,,17:29,17:34,
Mahalakshmi,17:13,,17:17,,,17:20,17:23,,17:29,,,17:32,,
Lower Parel,17:16,,17:20,,,17:23,17:26,,17:32,,,17:36,,
Prabhadevi,17:19,,17:23,,,17:26,17:29,,17:35,,,17:39,,
DADAR,17:21,17:23,17:25,17:27,,17:28,17:31,17:30,17:37,17:33,,17:41,17:41,
Matunga Road,17:23,,17:27,,,17:30,17:33,,17:39,,,17:43,,
Mahim Jn.,17:26,,17:30,,,17:33,17:36,,17:42,,,17:46,,
BANDRA,17:30,17:30,17:34,17:34,,17:37,17:40,17:37,17:46,17:40,,17:50,17:46,
Khar Road,17:33,,17:37,,,17:40,17:43,,17:50,,,17:53,,
Santa Cruz,17:35,,17:40,,,17:42,17:45,,17:53,,,17:56,,
Vile Parle,17:38,,17:43,,,17:45,17:48,,17:56,,,17:59,,
ANDHERI,17:43,17:38,17:48,17:42,17:47,,17:53,17:45,18:01,17:48,,18:04,17:54,
Jogeshwari,17:47,,17:52,,17:52,,17:56,,18:04,,,18:07,17:57,
Ram Mandir,17:50,,17:55,,17:55,,17:59,,18:07,,,18:10,,
Goregaon,17:52,,18:00,,17:57,,18:01,,18:09,,,18:12,18:01,
Malad,17:57,,,,18:02,,18:05,,18:13,,,18:16,18:05,
Kandivli,18:00,,,,18:05,,18:08,,18:16,,,18:19,18:08,
BORIVALI,18:06,17:52,,17:56,18:10,,18:16,17:59,18:23,18:02,18:15,18:25,18:14,
Dahisar,,17:57,,18:00,18:15,,,18:03,,,18:20,18:30,,
Mira Road,,18:01,,18:05,18:20,,,18:08,,,18:25,18:35,,
Bhayandar,,18:06,,18:10,18:25,,,18:13,,,18:30,18:40,,
Naigaon,,18:11,,18:15,18:31,,,18:19,,,18:36,18:46,,
Vasai Road,,18:16,,18:20,18:36,,,18:24,,,18:41,18:51,,
Nalla Sopara,,18:21,,18:26,18:41,,,18:29,,,18:46,18:57,,
VIRAR,,18:28,,18:34,18:48,,,18:39,,,18:53,19:06,,
W.E.F.  19.02.2026,,,,,,,,,,,,,,
STATIONS,,,,,,,,,,,,,,
DN TRAINS,,,,,,,,,,,,,,
CHURCHGATE,,17:27,17:28,17:30,17:33,,,17:36,,17:39,17:39,,,
Marine Lines,,17:30,17:31,17:33,17:36,,,17:39,,17:42,17:42,,,
Charni Road,,17:32,17:33,17:35,17:38,,,17:41,,17:44,17:44,,,
Grant Road,,17:35,17:36,17:38,17:41,,,17:44,,17:47,17:47,,,
M'BAI CENTRAL (L),,17:37,17:38,17:40,17:43,,,17:46,,17:49,17:49,,,
Mahalakshmi,17:36,17:40,,17:43,17:46,,,,,17:52,,,,
Lower Parel,17:40,17:43,,17:46,17:49,,,,,17:55,,,,
Prabhadevi,17:43,17:46,,17:49,17:52,,,,,17:58,,,,
DADAR,17:45,17:48,17:45,17:51,17:54,,,17:54,,18:00,17:57,,18:00,
Matunga Road,17:47,17:50,,17:53,17:56,,,,,18:02,,,,
Mahim Jn.,17:50,17:53,,17:56,17:59,,,,,18:05,,,,
BANDRA,17:54,17:57,17:50,18:00,18:03,18:06,,18:00,,18:09,18:03,,18:06,
Khar Road,17:57,,,18:03,18:06,18:10,,,,18:13,,,,
Santa Cruz,18:00,,,18:05,18:08,18:12,,,,18:15,,,,
Vile Parle,18:03,,,18:08,18:11,18:15,,,,18:18,,,,
ANDHERI,18:08,,17:58,18:14,18:15,18:18,,18:08,18:20,18:24,18:11,18:10,18:14,
Jogeshwari,18:11,,18:01,18:18,18:19,18:22,,,18:25,18:28,18:15,,,
Ram Mandir,18:14,,,18:21,18:22,18:25,,,18:28,18:31,,,,
Goregaon,18:16,,18:05,18:25,18:24,18:27,,,18:30,18:33,18:20,,,
Malad,18:20,,18:09,,18:28,18:31,,,18:34,18:37,18:24,,,
Kandivli,18:23,,18:12,,18:31,18:34,,,18:37,18:40,18:27,,,
BORIVALI,18:28,,18:20,,18:38,18:41,18:40,18:22,18:43,18:47,18:34,18:25,18:28,
Dahisar,,,,,,,18:44,18:27,18:47,,,18:29,18:34,
Mira Road,,,,,,,18:49,18:32,18:52,,,18:33,18:38,
Bhayandar,,,,,,,18:54,18:37,18:57,,,18:38,18:43,
Naigaon,,,,,,,19:00,18:43,19:03,,,18:43,18:49,
Vasai Road,,,,,,,19:05,18:47,19:08,,,18:47,18:55,
Nalla Sopara,,,,,,,19:10,18:52,19:13,,,18:52,19:01,
VIRAR,,,,,,,19:17,19:00,19:20,,,18:59,19:07,
W.E.F.  19.02.2026,,,,,,,,,,,,,,
STATIONS,,,,,,,,,,,,,,
DN TRAINS,,,,,,,,,,,,,,
CHURCHGATE,17:42,17:45,17:48,17:50,17:51,17:53,17:54,17:56,,17:57,17:59,,,
Marine Lines,17:45,17:48,17:51,17:53,17:54,17:56,17:57,17:59,,18:00,18:02,,,
Charni Road,17:47,17:50,17:53,17:55,17:56,17:58,17:59,18:01,,18:02,18:04,,,
Grant Road,17:50,17:53,17:56,17:58,17:59,18:01,18:02,18:04,,18:05,18:07,,,
M'BAI CENTRAL (L),17:52,17:55,17:58,18:00,18:01,18:03,18:04,18:06,,18:07,18:09,,18:10,
Mahalakshmi,17:55,17:58,18:01,,18:04,,18:07,,,18:10,,,18:13,
Lower Parel,17:58,18:01,18:04,,18:07,,18:10,,,18:13,,,18:16,
Prabhadevi,18:01,18:04,18:07,,18:10,,18:13,,,18:16,,,18:19,
DADAR,18:03,18:06,18:09,18:08,18:12,18:11,18:15,18:14,,18:18,18:18,,18:21,
Matunga Road,18:05,18:08,18:11,,18:14,,18:17,,,18:20,,,18:23,
Mahim Jn.,18:08,18:11,18:14,,18:17,,18:20,,,18:23,,,18:26,
BANDRA,18:13,18:15,18:18,18:13,18:21,18:16,18:24,18:20,,18:27,18:24,,18:30,
Khar Road,18:17,18:18,18:21,,,,18:27,,,18:30,,,18:33,
Santa Cruz,18:20,18:21,18:24,,,,18:31,,,18:33,,,18:35,
Vile Parle,18:23,18:24,18:27,,,,18:34,,,18:36,,,18:38,
ANDHERI,18:28,,18:32,18:23,,18:27,18:38,18:30,,18:41,18:35,18:27,18:42,
Jogeshwari,18:32,,18:36,,,18:32,18:42,,,18:45,18:40,,18:46,
Ram Mandir,18:35,,18:39,,,,18:45,,,18:48,,,18:49,
Goregaon,18:39,,18:41,,,18:37,18:48,,,18:51,18:45,,18:52,
Malad,,,18:45,,,18:41,18:52,,,,18:49,,18:56,
Kandivli,,,18:48,,,18:45,18:55,,,,18:52,,18:59,
BORIVALI,,,18:55,18:38,,18:52,19:01,18:41,18:50,,18:59,18:44,19:06,
Dahisar,,,,,,,19:05,18:45,18:55,,,,,
Mira Road,,,,,,,19:09,18:49,19:00,,,,,
Bhayandar,,,,,,,19:14,18:53,19:06,,,18:57,,
Naigaon,,,,,,,19:20,18:58,19:12,,,,,
Vasai Road,,,,,,,19:25,19:03,19:18,,,19:06,,
Nalla Sopara,,,,,,,19:30,19:08,,,,,,
VIRAR,,,,,,,19:36,19:15,,,,19:20,,
W.E.F.  19.02.2026,,,,,,,,,,,,,,
STATIONS,,,,,,,,,,,,,,
DN TRAINS,,,,,,,,,,,,,,
CHURCHGATE,18:00,18:03,18:06,18:06,18:11,,18:13,18:14,,,18:16,18:19,18:22,
Marine Lines,18:03,18:06,18:09,18:09,18:14,,18:16,18:17,,,18:19,18:22,18:25,
Charni Road,18:05,18:08,18:11,18:11,18:16,,18:18,18:19,,,18:21,18:24,18:27,
Grant Road,18:08,18:11,18:14,18:14,18:19,,18:21,18:22,,,18:24,18:27,18:30,
M'BAI CENTRAL (L),18:10,18:13,18:16,18:16,18:21,,18:23,18:24,,,18:26,18:29,18:32,
Mahalakshmi,18:13,18:16,18:19,,,,18:26,,,,18:29,18:32,18:35,
Lower Parel,18:16,18:19,18:22,,,,18:29,,,,18:32,18:35,18:38,
Prabhadevi,18:19,18:22,18:25,,,,18:32,,,,18:35,18:38,18:41,
DADAR,18:21,18:24,18:27,18:26,18:29,,18:34,18:32,,18:35,18:37,18:40,18:43,
Matunga Road,18:23,18:26,18:29,,,,18:36,,,,18:39,18:42,18:45,
Mahim Jn.,18:26,18:29,18:32,,,,18:39,,,,18:42,18:45,18:48,
BANDRA,18:30,18:33,18:36,18:32,18:35,,18:43,18:38,,18:42,18:46,18:49,18:52,
Khar Road,18:33,18:36,18:39,,,,18:46,,,,18:49,18:52,18:55,
Santa Cruz,18:35,18:38,18:41,,,,18:49,,,,18:52,18:56,18:58,
Vile Parle,18:38,18:41,18:44,,,,18:52,,,,18:55,18:59,19:01,
ANDHERI,18:42,18:45,18:48,18:42,18:45,18:50,18:56,18:48,18:52,18:51,18:59,19:03,19:06,
Jogeshwari,18:46,18:49,18:52,,,18:55,18:59,,,,19:02,19:06,19:10,
Ram Mandir,18:49,18:52,18:55,,,18:58,19:02,,,,19:05,19:09,19:13,
Goregaon,18:52,18:55,18:58,,,19:01,19:04,,,,19:07,19:11,19:16,
Malad,18:56,18:59,19:02,,,19:05,19:08,,,,19:11,19:15,,
Kandivli,18:59,19:02,19:05,,,19:08,19:11,,,,19:14,19:18,,
BORIVALI,19:06,19:08,19:11,18:56,19:00,19:13,19:17,19:02,19:11,19:06,19:20,19:25,,
Dahisar,,19:12,,19:01,,19:17,19:22,19:06,19:16,,,,,
Mira Road,,19:17,,19:06,,19:22,19:27,19:11,19:21,,,,,
Bhayandar,,19:22,,19:13,,19:27,19:32,19:16,19:26,,,,,
Naigaon,,19:28,,,,19:33,19:38,19:22,19:32,,,,,
Vasai Road,,19:33,,,,19:37,19:44,19:26,19:37,,,,,
Nalla Sopara,,19:38,,,,19:42,19:51,19:31,19:42,,,,,
VIRAR,,19:45,,,,19:49,19:59,19:38,19:49,,,,,
W.E.F.  19.02.2026,,,,,,,,,,,,,,
STATIONS,,,,,,,,,,,,,,
DN TRAINS,,,,,,,,,,,,,,
CHURCHGATE,18:22,18:25,18:25,,18:28,18:28,18:32,18:31,,18:35,18:35,18:38,18:46,
Marine Lines,18:25,18:28,18:28,,18:31,18:31,18:35,18:34,,18:38,18:38,18:41,18:49,
Charni Road,18:27,18:30,18:30,,18:33,18:33,18:37,18:36,,18:40,18:40,18:43,18:51,
Grant Road,18:30,18:33,18:33,,18:36,18:36,18:40,18:39,,18:43,18:43,18:46,18:54,
M'BAI CENTRAL (L),18:32,18:35,18:35,,18:38,18:38,18:42,18:41,,18:45,18:45,18:48,18:56,
Mahalakshmi,,18:38,,,18:41,,18:45,,,18:48,,18:51,,
Lower Parel,,18:41,,,18:44,,18:48,,,18:51,,18:54,,
Prabhadevi,,18:44,,,18:47,,18:51,,,18:54,,18:57,,
DADAR,18:39,18:46,18:42,,18:49,18:45,18:53,18:48,,18:56,18:52,18:59,19:03,
Matunga Road,,18:48,,,18:51,,18:55,,,18:58,,19:01,,
Mahim Jn.,,18:51,,,18:54,,18:58,,,19:01,,19:04,,
BANDRA,18:45,18:55,18:48,,18:58,18:51,19:02,18:54,,19:05,18:58,19:08,19:08,
Khar Road,,,,,19:02,,19:06,,,19:09,,19:12,,
Santa Cruz,,,,,19:06,,19:10,,,19:13,,19:16,,
Vile Parle,,,,,19:09,,19:13,,,19:16,,19:20,,
ANDHERI,18:54,,18:57,19:10,19:15,19:00,19:19,19:03,,19:22,19:06,19:25,19:17,
Jogeshwari,,,,19:15,19:19,,19:23,,,19:26,19:09,19:29,,
Ram Mandir,,,,19:18,19:22,,19:26,,,19:29,,19:32,,
Goregaon,,,,19:21,19:24,,19:28,,,19:31,19:14,19:34,,
Malad,,,,19:25,19:28,,19:32,19:11,,19:35,,19:38,,
Kandivli,,,,19:28,19:31,,19:35,19:14,,19:38,,19:41,,
BORIVALI,19:08,,19:12,19:33,19:37,19:16,19:42,19:20,19:22,19:45,19:23,19:47,19:29,
Dahisar,19:12,,,19:37,,19:21,,,19:27,,,19:51,19:34,
Mira Road,19:17,,,19:42,,19:26,,,19:32,,,19:56,19:39,
Bhayandar,19:22,,,19:47,,19:31,,,19:37,,,20:03,19:46,
Naigaon,19:28,,,19:53,,19:36,,,19:43,,,,,
Vasai Road,19:33,,,19:58,,19:41,,,19:48,,,,,
Nalla Sopara,19:39,,,20:04,,19:46,,,19:54,,,,,
VIRAR,19:46,,,20:11,,19:56,,,,,,,,
W.E.F.  19.02.2026,,,,,,,,,,,,,,
STATIONS,,,,,,,,,,,,,,
DN TRAINS,,,,,,,,,,,,,,
CHURCHGATE,,18:41,,18:47,,18:51,18:50,18:54,18:57,19:00,19:00,19:03,19:05,
Marine Lines,,18:44,,18:50,,18:54,18:53,18:57,19:00,19:03,19:03,19:06,19:08,
Charni Road,,18:46,,18:52,,18:56,18:55,18:59,19:02,19:05,19:05,19:08,19:10,
Grant Road,,18:49,,18:55,,18:59,18:58,19:02,19:05,19:08,19:08,19:11,19:13,
M'BAI CENTRAL (L),,18:51,,18:57,,19:01,19:00,19:04,19:07,19:10,19:10,19:13,19:15,
Mahalakshmi,,18:54,,19:00,,19:04,,19:07,19:10,,19:13,19:16,,
Lower Parel,,18:57,,19:03,,19:07,,19:10,19:13,,19:16,19:19,,
Prabhadevi,,19:00,,19:06,,19:10,,19:13,19:16,,19:19,19:22,,
DADAR,,19:02,,19:08,,19:12,19:07,19:15,19:18,19:18,19:21,19:24,19:22,
Matunga Road,,19:04,,19:10,,19:14,,19:17,19:20,,19:23,19:26,,
Mahim Jn.,,19:07,,19:13,,19:17,,19:20,19:23,,19:26,19:29,,
BANDRA,,19:11,19:15,19:18,,19:21,19:13,19:24,19:27,19:23,19:30,19:34,19:27,
Khar Road,,,19:19,19:22,,19:25,,19:28,19:31,,19:34,,,
Santa Cruz,,,19:23,19:26,,19:29,,19:32,19:34,,19:37,,,
Vile Parle,,,19:26,19:29,,19:32,,19:35,19:37,,19:40,,,
ANDHERI,19:28,,19:31,19:34,19:20,19:37,19:23,19:42,19:43,19:31,19:46,,19:36,
Jogeshwari,19:32,,19:35,19:38,,19:41,,19:46,,,19:49,,,
Ram Mandir,19:35,,19:38,19:41,,19:44,,19:49,,,19:52,,,
Goregaon,19:37,,19:40,19:43,,19:46,,19:53,,,19:54,,,
Malad,19:41,,19:44,19:47,,19:50,,,,,19:58,,,
Kandivli,19:44,,19:47,19:50,,19:53,,,,,20:01,,,
BORIVALI,19:50,,19:54,19:57,19:33,19:59,19:37,,,19:43,20:07,,19:51,
Dahisar,19:55,,,,19:37,20:04,19:41,,,19:48,,,19:55,
Mira Road,20:01,,,,19:42,20:09,19:46,,,19:53,,,20:00,
Bhayandar,20:07,,,,19:48,20:14,19:51,,,19:58,,,20:05,
Naigaon,20:14,,,,19:53,20:20,19:57,,,20:04,,,20:10,
Vasai Road,20:19,,,,20:00,20:25,20:04,,,20:09,,,20:13,
Nalla Sopara,20:25,,,,20:06,20:32,20:10,,,20:14,,,20:20,
VIRAR,20:33,,,,20:15,20:40,20:19,,,20:22,,,20:27,
W.E.F.  19.02.2026,,,,,,,,,,,,,,
STATIONS,,,,,,,,,,,,,,
DN TRAINS,,,,,,,,,,,,,,
CHURCHGATE,19:07,,19:11,19:10,19:14,19:15,,19:19,,,,19:20,,
Marine Lines,19:10,,19:14,19:13,19:17,,,19:22,,,,19:23,,
Charni Road,19:12,,19:16,19:15,19:19,,,19:24,,,,19:25,,
Grant Road,19:15,,19:19,19:18,19:22,,,19:27,,,,19:28,,
M'BAI CENTRAL (L),19:17,,19:21,19:20,19:24,19:24,,19:29,,,,19:30,,
Mahalakshmi,19:20,,,19:23,19:27,,,,,,,19:33,,
Lower Parel,19:23,,,19:26,19:30,,,,,,,19:36,,
Prabhadevi,19:26,,,19:29,19:33,,,,,,,19:39,,
DADAR,19:28,19:23,19:28,19:31,19:35,19:31,,19:35,19:38,,,19:41,,
Matunga Road,19:30,,,19:33,19:37,,,,,,,19:43,,
Mahim Jn.,19:33,,,19:36,19:40,,,,,,,19:46,,
BANDRA,19:37,19:32,19:35,19:40,19:44,19:38,,19:41,19:45,,,19:50,19:52,
Khar Road,19:40,,,19:43,19:47,,,,,,,19:53,19:56,
Santa Cruz,19:42,,,19:45,19:49,,,,,,,19:56,19:59,
Vile Parle,19:45,,,19:48,19:52,,,,,,,19:59,20:02,
ANDHERI,19:51,19:40,19:43,,19:57,19:47,,19:50,19:54,,,20:04,20:07,
Jogeshwari,19:55,,,,20:01,,,,,,,20:07,20:10,
Ram Mandir,19:58,,,,20:04,,,,,,,20:10,20:13,
Goregaon,20:01,,,,20:08,,,,,,,20:12,20:15,
Malad,20:05,,,,,,,19:59,,,,20:17,20:20,
Kandivli,20:08,,,,,,,20:02,,,,20:20,20:23,
BORIVALI,20:15,19:55,19:59,,,20:02,,20:09,20:12,20:16,20:21,20:26,20:28,
Dahisar,,20:00,,,,20:06,,,20:16,20:21,20:26,,20:33,
Mira Road,,20:05,,,,20:11,,,20:21,20:26,20:31,,20:38,
Bhayandar,,20:10,,,,20:16,,,20:27,20:31,20:36,,20:43,
Naigaon,,20:15,,,,20:22,,,,20:37,20:42,,,
Vasai Road,,20:21,,,,20:27,,,,20:42,20:48,,,
Nalla Sopara,,20:26,,,,20:32,,,,20:48,20:53,,,
VIRAR,,20:34,,,,20:41,20:30,,,20:55,20:59,,,
W.E.F.  19.02.2026,,,,,,,,,,,,,,
STATIONS,,,,,,,,,,,,,,
DN TRAINS,,,,,,,,,,,,,,
CHURCHGATE,19:25,19:25,19:28,19:30,,19:31,19:34,19:34,19:37,19:40,19:43,,19:45,
Marine Lines,19:28,19:28,19:31,19:33,,19:34,19:37,19:37,19:40,19:43,19:46,,19:48,
Charni Road,19:30,19:30,19:33,19:35,,19:36,19:39,19:39,19:42,19:45,19:48,,19:50,
Grant Road,19:33,19:33,19:36,19:38,,19:39,19:42,19:42,19:45,19:48,19:51,,19:53,
M'BAI CENTRAL (L),19:35,19:35,19:38,19:40,,19:41,19:44,19:44,19:47,19:50,19:53,,19:55,
Mahalakshmi,19:38,,19:41,,,19:44,19:47,,19:50,,,,19:58,
Lower Parel,19:41,,19:44,,,19:47,19:50,,19:53,,,,20:01,
Prabhadevi,19:44,,19:47,,,19:50,19:53,,19:56,,,,20:04,
DADAR,19:46,19:42,19:49,19:47,,19:52,19:55,19:51,19:58,19:58,20:01,,20:06,
Matunga Road,19:48,,19:51,,,19:54,19:57,,20:00,,,,20:08,
Mahim Jn.,19:51,,19:54,,,19:57,20:00,,20:03,,,,20:11,
BANDRA,19:55,19:48,19:59,19:52,,20:01,20:04,19:56,20:07,20:03,20:06,20:09,20:15,
Khar Road,19:59,,,,,20:04,20:07,,20:10,,,20:14,20:18,
Santa Cruz,20:02,,,,,20:06,20:09,,20:13,,,20:16,20:20,
Vile Parle,20:05,,,,,20:09,20:12,,20:16,,,20:19,20:23,
ANDHERI,20:10,19:57,,20:01,20:13,20:14,20:17,20:05,20:20,20:12,20:15,20:25,20:29,
Jogeshwari,20:13,20:01,,,20:17,20:18,20:20,,20:24,,,20:29,20:33,
Ram Mandir,20:16,,,,20:20,20:21,20:23,,20:27,,,20:32,20:36,
Goregaon,20:18,20:06,,,20:22,20:24,20:25,,20:33,,,20:34,20:38,
Malad,20:23,20:10,,,20:26,,20:30,20:13,,,,20:38,20:42,
Kandivli,20:26,20:13,,,20:29,,20:33,20:16,,,,20:41,20:45,
BORIVALI,20:33,20:19,,20:15,20:36,,20:40,20:23,,20:27,20:32,20:47,20:52,
Dahisar,,,,20:18,20:40,,,,,20:33,20:36,20:51,,
Mira Road,,,,20:23,20:45,,,,,20:38,20:41,20:56,,
Bhayandar,,,,20:28,20:50,,,,,20:43,20:46,21:01,,
Naigaon,,,,20:34,20:56,,,,,20:49,20:52,21:07,,
Vasai Road,,,,20:39,21:01,,,,,20:54,20:57,21:12,,
Nalla Sopara,,,,20:44,21:06,,,,,20:59,21:02,21:17,,
VIRAR,,,,20:51,21:13,,,,,21:06,21:09,21:24,,
W.E.F.  19.02.2026,,,,,,,,,,,,,,
STATIONS,,,,,,,,,,,,,,
DN TRAINS,,,,,,,,,,,,,,
CHURCHGATE,19:48,19:49,,19:51,,,19:54,19:54,19:57,,19:58,20:01,20:03,
Marine Lines,19:51,19:52,,19:54,,,19:57,19:57,20:00,,20:01,20:04,20:06,
Charni Road,19:53,19:54,,19:56,,,19:59,19:59,20:02,,20:03,20:06,20:08,
Grant Road,19:56,19:57,,19:59,,,20:02,20:02,20:05,,20:06,20:09,20:11,
M'BAI CENTRAL (L),19:58,19:59,,20:01,,,20:04,20:04,20:07,,20:08,20:11,20:13,
Mahalakshmi,20:01,,,20:04,,,20:07,,20:10,,,20:14,,
Lower Parel,20:04,,,20:07,,,20:10,,20:13,,,20:17,,
Prabhadevi,20:07,,,20:10,,,20:13,,20:16,,,20:20,,
DADAR,20:09,20:06,,20:12,,,20:15,20:11,20:19,,20:15,20:22,20:20,
Matunga Road,20:11,,,20:14,,,20:17,,20:21,,,20:24,,
Mahim Jn.,20:14,,,20:17,,,20:20,,20:24,,,20:27,,
BANDRA,20:18,20:11,,20:21,,,20:24,20:17,20:28,,20:21,20:31,20:25,
Khar Road,20:21,,,20:25,,,20:28,,20:32,,,20:34,,
Santa Cruz,20:23,,,20:27,,,20:30,,20:34,,,20:36,,
Vile Parle,20:26,,,20:30,,,20:33,,20:37,,,20:39,,
ANDHERI,20:31,20:20,20:32,20:36,20:23,,20:39,20:27,20:42,,20:31,20:46,20:34,
Jogeshwari,20:35,,20:36,20:40,,,20:43,,20:46,,,20:49,,
Ram Mandir,20:38,,20:39,20:43,,,20:46,,20:49,,,20:52,,
Goregaon,20:41,,20:41,20:45,,,20:48,,20:52,,,20:54,,
Malad,,,20:45,20:49,,,20:52,,,,,20:58,,
Kandivli,,,20:48,20:52,,,20:55,,,,,21:01,,
BORIVALI,,20:35,20:55,20:59,20:39,20:40,21:01,20:42,,,20:45,21:09,20:51,
Dahisar,,20:39,20:59,,20:42,20:46,,,,,20:49,,20:56,
Mira Road,,20:44,21:04,,20:47,20:51,,,,,20:54,,21:00,
Bhayandar,,20:49,21:09,,20:52,20:56,,,,,20:59,,21:05,
Naigaon,,20:55,21:15,,20:58,21:02,,,,,21:05,,21:11,
Vasai Road,,21:00,21:20,,21:03,21:07,,,,,21:10,,21:16,
Nalla Sopara,,21:07,21:25,,,21:12,,,,,21:15,,21:21,
VIRAR,,21:14,21:32,,,21:18,,,,21:05,21:21,,21:28,
W.E.F.  19.02.2026,,,,,,,,,,,,,,
STATIONS,,,,,,,,,,,,,,
DN TRAINS,,,,,,,,,,,,,,
CHURCHGATE,,20:04,20:07,20:10,20:10,20:13,20:14,,,20:17,20:20,20:20,,
Marine Lines,,20:07,20:10,20:13,20:13,20:16,,,,20:20,20:23,20:23,,
Charni Road,,20:09,20:12,20:15,20:15,20:18,,,,20:22,20:25,20:25,,
Grant Road,,20:12,20:15,20:18,20:18,20:21,,,,20:25,20:28,20:28,,
M'BAI CENTRAL (L),,20:14,20:17,20:20,20:20,20:23,20:23,,,20:27,20:30,20:30,,
Mahalakshmi,,20:17,20:20,,20:23,20:26,,,,,20:33,,,
Lower Parel,,20:20,20:23,,20:26,20:29,,,,,20:36,,,
Prabhadevi,,20:23,20:26,,20:29,20:32,,,,,20:39,,,
DADAR,20:23,20:25,20:28,20:27,20:31,20:34,20:30,,,20:34,20:41,20:37,,
Matunga Road,,20:27,20:30,,20:33,20:36,,,,,20:43,,,
Mahim Jn.,,20:30,20:33,,20:36,20:39,,,,,20:46,,,
BANDRA,20:29,20:34,20:37,20:33,20:40,20:43,20:36,,20:46,20:39,20:50,20:42,,
Khar Road,,,20:40,,20:43,20:46,,,20:50,,20:53,,,
Santa Cruz,,,20:42,,20:46,20:48,,,20:52,,20:56,,,
Vile Parle,,,20:45,,20:49,20:51,,,20:55,,20:59,,,
ANDHERI,20:38,,20:51,20:42,20:55,20:56,20:45,20:48,21:00,20:48,21:04,20:51,,
Jogeshwari,,,20:55,20:46,20:59,20:59,,,21:03,20:52,21:07,,,
Ram Mandir,,,20:58,,21:02,21:02,,,21:06,,21:10,,,
Goregaon,,,21:02,20:51,21:06,21:04,,,21:08,20:57,21:12,,,
Malad,20:46,,,20:55,,21:08,,,21:12,21:01,21:16,,,
Kandivli,20:49,,,20:58,,21:11,,,21:15,21:04,21:19,,,
BORIVALI,20:56,,,21:04,,21:17,20:59,21:02,21:21,21:10,21:26,21:06,21:14,
Dahisar,,,,,,,21:03,21:07,21:25,,,,21:19,
Mira Road,,,,,,,21:08,21:12,21:30,,,,21:24,
Bhayandar,,,,,,,21:13,21:17,21:36,,,21:17,21:29,
Naigaon,,,,,,,21:19,21:23,,,,,21:34,
Vasai Road,,,,,,,21:24,21:28,,,,21:29,21:39,
Nalla Sopara,,,,,,,21:29,21:33,,,,,21:44,
VIRAR,,,,,,,21:37,21:41,,,,21:41,21:51,
W.E.F.  19.02.2026,,,,,,,,,,,,,,
STATIONS,,,,,,,,,,,,,,
DN TRAINS,,,,,,,,,,,,,,
CHURCHGATE,,20:24,20:24,20:27,,20:27,,20:30,20:30,20:33,20:37,20:38,,
Marine Lines,,20:27,20:27,20:30,,20:30,,20:33,20:33,20:36,20:40,20:41,,
Charni Road,,20:29,20:29,20:32,,20:32,,20:35,20:35,20:38,20:42,20:43,,
Grant Road,,20:32,20:32,20:35,,20:35,,20:38,20:38,20:41,20:45,20:46,,
M'BAI CENTRAL (L),,20:34,20:34,20:37,,20:37,,20:40,20:41,20:43,20:47,20:48,,
Mahalakshmi,,20:37,,,,20:40,,20:43,,20:46,20:50,,,
Lower Parel,,20:40,,,,20:43,,20:46,,20:49,20:53,,,
Prabhadevi,,20:43,,,,20:46,,20:49,,20:52,20:56,,,
DADAR,,20:45,20:41,20:44,20:47,20:48,,20:51,20:50,20:54,20:58,20:55,,
Matunga Road,,20:47,,,,20:50,,20:53,,20:56,21:00,,,
Mahim Jn.,,20:50,,,,20:53,,20:56,,20:59,21:03,,,
BANDRA,,20:55,20:46,20:49,20:54,20:57,,21:00,20:57,21:03,21:07,21:00,,
Khar Road,,,,,,21:01,,21:04,,21:07,21:11,,,
Santa Cruz,,,,,,21:04,,21:06,,21:09,21:13,,,
Vile Parle,,,,,,21:07,,21:09,,21:12,21:16,,,
ANDHERI,,,20:55,20:58,21:02,21:13,21:08,21:15,21:05,21:18,21:22,21:09,21:25,
Jogeshwari,,,,,,21:17,21:12,21:18,,21:21,21:25,,21:29,
Ram Mandir,,,,,,21:20,21:15,21:21,,21:24,21:28,,21:32,
Goregaon,,,,,,21:24,21:17,21:23,,21:26,21:30,,21:34,
Malad,,,,,,,21:21,21:27,,21:30,21:34,,21:38,
Kandivli,,,,,,,21:24,21:30,,21:33,21:37,,21:41,
BORIVALI,21:17,,21:10,21:14,21:18,,21:30,21:36,21:21,21:39,21:43,21:24,21:46,
Dahisar,21:22,,21:13,21:19,21:22,,21:34,,,,,21:29,21:50,
Mira Road,21:27,,21:18,21:24,21:27,,21:39,,,,,21:34,21:55,
Bhayandar,21:32,,21:23,21:29,21:32,,21:45,,,,,21:39,22:00,
Naigaon,21:38,,21:29,21:34,21:38,,,,,,,21:45,22:06,
Vasai Road,21:43,,21:33,21:39,21:42,,,,,,,21:50,22:11,
Nalla Sopara,21:49,,21:38,21:45,21:47,,,,,,,21:55,22:16,
VIRAR,21:56,,21:44,,21:54,,,,,,,22:03,22:23,
W.E.F.  19.02.2026,,,,,,,,,,,,,,
STATIONS,,,,,,,,,,,,,,
DN TRAINS,,,,,,,,,,,,,,
CHURCHGATE,20:41,20:44,20:47,20:52,20:52,,20:55,,20:58,21:01,,21:05,21:05,
Marine Lines,20:44,20:47,20:50,20:55,20:55,,20:58,,21:01,21:04,,21:08,21:08,
Charni Road,20:46,20:49,20:52,20:57,20:57,,21:00,,21:03,21:06,,21:10,21:10,
Grant Road,20:49,20:52,20:55,21:00,21:00,,21:03,,21:06,21:09,,21:13,21:13,
M'BAI CENTRAL (L),20:51,20:54,20:57,21:02,21:02,,21:05,,21:08,21:11,,21:15,21:15,
Mahalakshmi,,20:57,21:00,21:05,,,21:08,,21:11,,,21:18,,
Lower Parel,,21:00,21:03,21:08,,,21:11,,21:14,,,21:21,,
Prabhadevi,,21:03,21:06,21:11,,,21:14,,21:17,,,21:24,,
DADAR,20:58,21:05,21:08,21:13,21:09,21:08,21:16,,21:20,,21:19,21:26,21:22,
Matunga Road,,21:07,21:10,21:15,,,21:18,,21:22,,,21:28,,
Mahim Jn.,,21:10,21:13,21:18,,,21:21,,21:25,,,21:31,,
BANDRA,21:03,21:14,21:17,21:22,21:14,21:17,21:25,,21:29,,21:26,21:35,21:28,
Khar Road,,21:17,,21:26,,,21:29,,21:33,,,21:39,,
Santa Cruz,,21:19,,21:28,,,21:31,,21:36,,,21:42,,
Vile Parle,,21:22,,21:31,,,21:34,,21:39,,,21:45,,
ANDHERI,21:12,21:28,,21:36,21:22,21:25,21:40,,21:45,,21:35,21:49,21:38,
Jogeshwari,,21:32,,21:40,,21:28,21:45,,21:49,,,21:53,21:41,
Ram Mandir,,21:35,,21:43,,,21:48,,21:52,,,21:56,,
Goregaon,,21:37,,21:45,,21:33,21:50,,21:56,,,21:58,21:45,
Malad,,21:41,,21:50,,21:38,21:54,,,,,22:02,21:49,
Kandivli,,21:44,,21:53,,21:42,21:57,,,,,22:05,,
BORIVALI,21:28,21:50,,21:59,21:37,21:49,22:04,22:00,,,21:52,22:11,,
Dahisar,,21:54,,,21:41,,,22:06,,,21:58,22:15,,
Mira Road,,21:59,,,21:46,,,22:11,,,22:03,22:20,,
Bhayandar,,22:04,,,21:51,,,22:16,,,22:08,22:25,,
Naigaon,,22:10,,,21:57,,,22:22,,,22:14,22:31,,
Vasai Road,,22:15,,,22:02,,,22:27,,,22:20,22:36,,
Nalla Sopara,,22:20,,,22:07,,,22:32,,,22:25,22:41,,
VIRAR,,22:29,,,22:13,,,22:39,,,22:32,22:49,,
W.E.F.  19.02.2026,,,,,,,,,,,,,,
STATIONS,,,,,,,,,,,,,,
DN TRAINS,,,,,,,,,,,,,,
CHURCHGATE,21:08,21:12,21:14,,21:17,21:20,21:22,21:23,21:26,21:33,,21:33,,
Marine Lines,21:11,21:15,21:17,,21:20,21:23,21:25,21:26,21:29,21:36,,21:36,,
Charni Road,21:13,21:17,21:19,,21:22,21:25,21:27,21:28,21:31,21:38,,21:38,,
Grant Road,21:16,21:20,21:22,,21:25,21:28,21:30,21:31,21:34,21:41,,21:41,,
M'BAI CENTRAL (L),21:18,21:22,21:24,,21:27,21:30,21:32,21:33,21:36,21:43,,21:43,,
Mahalakshmi,21:21,,21:27,,21:30,21:33,,21:36,21:39,,,21:46,,
Lower Parel,21:24,,21:30,,21:33,21:36,,21:39,21:42,,,21:49,,
Prabhadevi,21:27,,21:33,,21:36,21:39,,21:42,21:45,,,21:52,,
DADAR,21:30,21:29,21:35,,21:38,21:41,21:39,21:44,21:47,21:50,,21:54,,
Matunga Road,21:32,,21:37,,21:40,21:43,,21:46,21:49,,,21:56,,
Mahim Jn.,21:35,,21:40,,21:43,21:46,,21:49,21:52,,,21:59,,
BANDRA,21:39,21:36,21:44,,21:47,21:50,21:44,21:53,21:56,21:55,,22:03,,
Khar Road,21:43,,21:47,,21:50,21:53,,21:56,21:59,,,,,
Santa Cruz,21:46,,21:49,,21:52,21:55,,21:58,22:01,,,,,
Vile Parle,21:49,,21:52,,21:55,21:58,,22:01,22:04,,,,,
ANDHERI,21:53,21:45,21:58,22:01,22:01,22:04,21:52,22:07,22:10,22:03,22:10,,22:16,
Jogeshwari,21:57,21:49,22:01,22:06,,22:08,,22:10,22:13,,,,22:20,
Ram Mandir,22:00,,22:04,22:09,,22:11,,22:13,22:16,,,,22:23,
Goregaon,22:02,21:54,22:06,22:11,,22:13,,22:15,22:18,,,,22:25,
Malad,22:06,21:58,22:10,22:15,,22:17,,22:19,22:22,,,,22:29,
Kandivli,22:09,22:01,22:13,22:18,,22:20,,22:22,22:25,,,,22:32,
BORIVALI,22:14,22:07,22:20,22:23,,22:26,22:07,22:28,22:34,22:17,22:28,,22:37,
Dahisar,,,,22:29,,,22:12,22:32,,22:23,22:32,,22:41,
Mira Road,,,,22:34,,,22:17,22:37,,22:28,22:37,,22:46,
Bhayandar,,,,22:39,,,22:22,22:43,,22:33,22:42,,22:52,
Naigaon,,,,22:45,,,22:28,,,22:39,22:47,,,
Vasai Road,,,,22:50,,,22:33,,,22:44,22:52,,,
Nalla Sopara,,,,22:55,,,22:38,,,22:50,22:57,,,
VIRAR,,,,,,,22:46,,,22:59,23:05,,,
W.E.F.  19.02.2026,,,,,,,,,,,,,,
STATIONS,,,,,,,,,,,,,,
DN TRAINS,,,,,,,,,,,,,,
CHURCHGATE,,21:36,21:39,21:42,21:44,21:45,21:48,21:48,21:52,21:51,21:55,,,
Marine Lines,,21:39,21:42,21:45,21:47,21:48,21:51,21:51,21:55,21:54,21:58,,,
Charni Road,,21:41,21:44,21:47,21:49,21:50,21:53,21:53,21:57,21:56,22:00,,,
Grant Road,,21:44,21:47,21:50,21:52,21:53,21:56,21:56,22:00,21:59,22:03,,,
M'BAI CENTRAL (L),,21:46,21:49,21:52,21:54,21:55,21:58,21:58,22:02,22:01,22:05,,,
Mahalakshmi,,21:49,21:52,21:55,,21:58,22:01,,22:05,,22:08,,,
Lower Parel,,21:52,21:55,21:58,,22:01,22:04,,22:08,,22:11,,,
Prabhadevi,,21:55,21:58,22:01,,22:04,22:07,,22:11,,22:14,,,
DADAR,,21:57,22:00,22:03,22:01,22:06,22:09,22:05,22:13,22:08,22:16,,,
Matunga Road,,21:59,22:02,22:05,,22:08,22:11,,22:15,,22:18,,,
Mahim Jn.,,22:02,22:05,22:08,,22:11,22:14,,22:18,,22:21,,,
BANDRA,,22:06,22:09,22:12,22:06,22:15,22:18,22:10,22:22,22:14,22:25,,,
Khar Road,,22:09,22:12,22:15,,22:18,22:21,,22:26,,,,,
Santa Cruz,,22:11,22:14,22:17,,22:20,22:23,,22:28,,,,,
Vile Parle,,22:14,22:17,22:20,,22:23,22:26,,22:31,,,,,
ANDHERI,,22:20,22:23,22:26,22:15,22:29,22:32,22:19,22:37,22:22,,,22:39,
Jogeshwari,,22:23,22:27,22:30,,22:33,22:36,,22:41,22:25,,,22:44,
Ram Mandir,,22:26,22:30,22:33,,22:36,22:39,,22:44,,,,22:47,
Goregaon,,22:28,22:32,22:35,,22:38,22:41,,22:46,22:29,,,22:49,
Malad,,22:32,22:36,22:39,,22:42,22:45,22:28,22:50,22:34,,,22:53,
Kandivli,,22:35,22:39,22:43,,22:46,22:49,22:31,22:53,,,,22:56,
BORIVALI,22:40,22:41,22:46,22:49,22:31,22:52,22:55,22:39,23:00,,,22:55,23:02,
Dahisar,22:46,,,,22:35,,,,,,,22:59,23:06,
Mira Road,22:51,,,,22:40,,,,,,,23:04,23:11,
Bhayandar,22:56,,,,22:45,,,,,,,23:10,23:18,
Naigaon,23:02,,,,22:51,,,,,,,,,
Vasai Road,23:07,,,,22:56,,,,,,,,,
Nalla Sopara,23:13,,,,23:02,,,,,,,,,
VIRAR,23:20,,,,23:09,,,,,,,,,
W.E.F.  19.02.2026,,,,,,,,,,,,,,
STATIONS,,,,,,,,,,,,,,
DN TRAINS,,,,,,,,,,,,,,
CHURCHGATE,21:57,22:01,,22:05,22:05,22:09,22:12,22:12,22:18,,22:18,22:24,22:23,
Marine Lines,22:00,22:04,,22:08,22:08,22:12,22:15,22:15,22:21,,22:21,22:27,22:26,
Charni Road,22:02,22:06,,22:10,22:10,22:14,22:17,22:17,22:23,,22:23,22:29,22:28,
Grant Road,22:05,22:09,,22:13,22:13,22:17,22:20,22:20,22:26,,22:26,22:32,22:31,
M'BAI CENTRAL (L),22:07,22:11,,22:15,22:15,22:19,22:22,22:22,22:28,,22:28,22:34,22:33,
Mahalakshmi,,,,,22:18,22:22,22:25,,,,22:31,,22:36,
Lower Parel,,,,,22:21,22:25,22:28,,,,22:34,,22:39,
Prabhadevi,,,,,22:24,22:28,22:31,,,,22:37,,22:42,
DADAR,22:14,22:18,,22:22,22:26,22:30,22:33,22:29,22:35,,22:39,22:41,22:44,
Matunga Road,,,,,22:28,22:32,22:35,,,,22:41,,22:46,
Mahim Jn.,,,,,22:31,22:35,22:38,,,,22:44,,22:49,
BANDRA,22:20,22:24,22:31,22:28,22:35,22:39,22:42,22:35,22:40,,22:48,22:46,22:53,
Khar Road,,,22:36,,22:39,22:43,,,,,22:51,,22:56,
Santa Cruz,,,22:38,,22:41,22:45,,,,,22:53,,22:58,
Vile Parle,,,22:41,,22:44,22:48,,,,,22:56,,23:01,
ANDHERI,22:29,22:33,22:47,22:37,22:50,22:54,,22:44,22:48,,23:02,22:54,23:06,
Jogeshwari,,,22:50,,22:53,22:57,,22:47,,,23:06,22:57,23:13,
Ram Mandir,,,22:53,,22:56,23:00,,,,,23:09,,23:16,
Goregaon,,,22:55,,22:58,23:02,,22:52,,,23:11,23:01,23:20,
Malad,,,23:00,,23:03,23:07,,22:57,,,23:15,23:05,23:21,
Kandivli,,,23:03,,23:06,23:10,,23:00,,,23:18,23:08,23:23,
BORIVALI,22:45,22:49,23:09,22:53,23:12,23:16,,23:06,23:03,23:19,23:25,23:14,23:30,
Dahisar,22:50,22:54,23:13,22:58,,,,,23:07,23:24,,,23:34,
Mira Road,22:55,22:59,23:18,23:03,,,,,23:12,23:29,,,23:39,
Bhayandar,23:00,23:04,23:24,23:08,,,,,23:17,23:34,,,23:45,
Naigaon,23:06,23:10,23:30,23:14,,,,,23:23,23:40,,,,
Vasai Road,23:11,23:15,23:35,23:19,,,,,23:29,23:45,,,,
Nalla Sopara,23:16,23:20,23:40,23:26,,,,,23:34,23:50,,,,
VIRAR,23:22,23:26,23:47,,,,,,23:41,23:56,,,,
W.E.F.  19.02.2026,,,,,,,,,,,,,,
STATIONS,,,,,,,,,,,,,,
DN TRAINS,,,,,,,,,,,,,,
CHURCHGATE,22:30,,22:33,22:33,22:36,22:39,22:42,22:45,22:49,,22:53,23:00,23:05,
Marine Lines,22:33,,22:36,22:36,22:39,22:42,22:45,22:48,22:52,,22:56,23:03,23:08,
Charni Road,22:35,,22:38,22:38,22:41,22:44,22:47,22:50,22:54,,22:58,23:05,23:10,
Grant Road,22:38,,22:41,22:41,22:44,22:47,22:50,22:53,22:57,,23:01,23:08,23:13,
M'BAI CENTRAL (L),22:40,,22:43,22:43,22:46,22:49,22:52,22:55,22:59,,23:03,23:10,23:15,
Mahalakshmi,,,22:46,,22:49,22:52,,22:58,23:02,,23:06,23:13,,
Lower Parel,,,22:49,,22:52,22:55,,23:01,23:05,,23:09,23:16,,
Prabhadevi,,,22:52,,22:55,22:58,,23:04,23:08,,23:12,23:19,,
DADAR,22:47,,22:54,22:50,22:57,23:00,22:59,23:06,23:10,,23:15,23:21,23:23,
Matunga Road,,,22:56,,22:59,23:02,,23:08,23:12,,23:17,23:23,,
Mahim Jn.,,,22:59,,23:02,23:05,,23:11,23:15,,23:20,23:26,,
BANDRA,22:52,,23:03,22:55,23:06,23:09,23:04,23:15,23:19,,23:25,23:30,23:28,
Khar Road,,,23:06,,23:09,23:12,,,23:23,,23:28,,,
Santa Cruz,,,23:08,,23:11,23:14,,,23:25,,23:31,,,
Vile Parle,,,23:11,,23:14,23:17,,,23:28,,23:34,,,
ANDHERI,23:00,23:12,23:16,23:04,23:19,23:22,23:13,,23:34,23:37,23:40,,23:37,
Jogeshwari,,23:16,23:19,23:07,23:22,23:25,,,23:37,23:40,23:43,,,
Ram Mandir,,23:19,23:22,,23:25,23:28,,,23:40,23:43,23:46,,,
Goregaon,,23:21,23:24,23:12,23:27,23:30,,,23:42,23:45,23:48,,,
Malad,,23:25,23:28,23:16,23:31,23:34,,,23:46,23:49,23:52,,,
Kandivli,,23:28,23:31,23:19,23:34,23:37,,,23:49,23:52,23:55,,,
BORIVALI,23:16,23:34,23:37,23:25,23:40,23:44,23:26,,23:56,23:58,00:02,,23:52,
Dahisar,23:20,23:38,,,23:44,,23:30,,,00:02,,,23:56,
Mira Road,23:25,23:43,,,23:49,,23:35,,,00:07,,,00:01,
Bhayandar,23:30,23:48,,,23:55,,23:40,,,00:12,,,00:06,
Naigaon,23:36,23:54,,,,,23:46,,,00:18,,,00:12,
Vasai Road,23:41,23:59,,,,,23:51,,,00:23,,,00:17,
Nalla Sopara,23:46,00:05,,,,,23:56,,,00:28,,,00:22,
VIRAR,23:52,,,,,,00:02,,,00:35,,,00:29,
W.E.F.  19.02.2026,,,,,,,,,,,,,,
STATIONS,,,,,,,,,,,,,,
DN TRAINS,,,,,,,,,,,,,,
CHURCHGATE,23:09,23:12,23:15,,23:21,23:23,23:27,23:31,23:38,23:40,23:46,23:49,23:52,
Marine Lines,23:12,23:15,23:18,,23:24,23:26,23:30,23:34,23:41,23:43,23:49,23:52,23:55,
Charni Road,23:14,23:17,23:20,,23:26,23:28,23:32,23:36,23:43,23:45,23:51,23:54,23:57,
Grant Road,23:17,23:20,23:23,,23:29,23:31,23:35,23:39,23:46,23:48,23:54,23:57,00:00,
M'BAI CENTRAL (L),23:19,23:22,23:25,,23:31,23:33,23:37,23:41,23:48,23:50,23:56,23:59,00:02,
Mahalakshmi,23:22,,23:28,,23:34,,23:40,23:44,23:51,,23:59,00:02,00:05,
Lower Parel,23:25,,23:31,,23:37,,23:43,23:47,23:54,,00:02,00:05,00:08,
Prabhadevi,23:28,,23:34,,23:40,,23:46,23:50,23:57,,00:05,00:08,00:11,
DADAR,23:30,23:29,23:36,,23:42,23:40,23:48,23:52,23:59,23:57,00:07,00:10,00:13,
Matunga Road,23:32,,23:39,,23:44,,23:50,23:54,00:01,,00:09,00:12,00:15,
Mahim Jn.,23:35,,23:42,,23:47,,23:53,23:57,00:04,,00:12,00:15,00:18,
BANDRA,23:39,23:34,23:46,,23:51,23:46,23:57,00:02,00:08,00:02,00:16,00:19,00:22,
Khar Road,23:42,,23:49,,23:54,,00:01,,00:11,,00:19,00:22,00:26,
Santa Cruz,23:44,,23:51,,23:56,,00:04,,00:14,,00:21,00:24,00:28,
Vile Parle,23:47,,23:54,,23:59,,00:07,,00:17,,00:24,00:27,00:31,
ANDHERI,23:52,23:43,23:59,23:55,00:05,23:56,00:14,,00:22,00:11,00:30,00:33,00:37,
Jogeshwari,23:55,23:47,00:02,,00:08,00:00,00:17,,00:25,00:14,00:33,00:36,00:40,
Ram Mandir,23:58,,00:05,,00:11,,00:20,,00:28,,00:36,00:39,00:43,
Goregaon,00:00,23:52,00:07,,00:13,00:05,00:23,,00:30,00:19,00:38,00:45,00:45,
Malad,00:04,23:56,00:11,,00:17,00:09,00:27,,00:34,00:23,00:42,,00:49,
Kandivli,00:07,23:59,00:14,,00:20,00:12,00:30,,00:37,00:26,00:45,,00:52,
BORIVALI,00:13,00:05,00:21,00:10,00:25,00:18,00:35,,00:43,00:31,00:51,,00:59,
Dahisar,00:17,00:09,,00:13,00:28,00:21,00:39,,00:47,00:35,00:55,,,
Mira Road,00:22,00:14,,00:18,00:33,00:26,00:44,,00:52,00:40,01:00,,,
Bhayandar,00:28,00:20,,00:25,00:40,00:31,00:50,,01:00,00:45,01:05,,,
Naigaon,,,,,,00:37,,,,00:51,01:11,,,
Vasai Road,,,,,,00:42,,,,00:56,01:16,,,
Nalla Sopara,,,,,,00:47,,,,01:01,01:20,,,
VIRAR,,,,,,00:53,,,,01:08,,,,
W.E.F.  19.02.2026,,,,,,,,,,,,,,
STATIONS,,,,,,,,,,,,,,
DN TRAINS,,,,,,,,,,,,,,
CHURCHGATE,23:58,,00:09,00:13,00:16,00:20,00:28,00:31,00:38,00:43,00:50,01:00,,
Marine Lines,00:01,,00:12,00:16,00:19,00:23,00:31,00:34,00:41,00:46,00:53,01:03,,
Charni Road,00:03,,00:14,00:18,00:21,00:25,00:33,00:36,00:43,00:48,00:55,01:05,,
Grant Road,00:06,,00:17,00:21,00:24,00:28,00:36,00:39,00:46,00:51,00:58,01:08,,
M'BAI CENTRAL (L),00:08,,00:19,00:23,00:26,00:30,00:38,00:41,00:48,00:53,01:00,01:10,,
Mahalakshmi,00:11,,00:22,00:26,00:29,00:33,00:41,00:44,00:51,00:56,01:03,01:13,,
Lower Parel,00:14,,00:25,00:29,00:32,00:36,00:44,00:47,00:54,00:59,01:06,01:16,,
Prabhadevi,00:17,,00:28,00:32,00:35,00:39,00:47,00:50,00:57,01:02,01:09,01:19,,
DADAR,00:19,,00:30,00:34,00:37,00:41,00:49,00:52,00:59,01:04,01:11,01:21,,
Matunga Road,00:21,,00:32,00:36,00:39,00:43,00:51,00:54,01:01,01:06,01:13,01:23,,
Mahim Jn.,00:24,,00:35,00:39,00:42,00:46,00:54,00:57,01:04,01:09,01:16,01:26,,
BANDRA,00:28,,00:40,00:43,00:46,00:50,00:58,01:02,01:08,01:13,01:21,01:30,,
Khar Road,00:31,,00:43,00:46,00:49,00:53,01:01,,01:11,01:16,01:24,01:33,,
Santa Cruz,00:33,,00:45,00:48,00:51,00:55,01:03,,01:13,01:18,01:26,01:35,,
Vile Parle,00:36,,00:48,00:51,00:54,00:58,01:06,,01:16,01:21,01:29,01:38,,
ANDHERI,00:42,00:46,00:53,00:57,01:00,01:04,01:11,,01:22,01:27,01:34,01:44,,
Jogeshwari,00:45,00:49,00:56,,01:03,01:07,01:14,,01:25,01:30,01:37,01:47,,
Ram Mandir,00:48,00:52,00:59,,01:06,01:10,01:17,,01:28,01:33,01:40,01:50,,
Goregaon,00:50,00:54,01:01,,01:08,01:12,01:19,,01:30,01:35,01:42,01:52,,
Malad,00:54,00:58,01:05,,01:12,01:16,01:23,,01:34,01:39,01:46,01:56,,
Kandivli,00:57,01:01,01:08,,01:15,01:19,01:26,,01:37,01:42,01:49,01:59,,
BORIVALI,01:03,01:07,01:14,,01:22,01:24,01:32,,01:43,01:48,01:54,02:05,,
Dahisar,01:07,01:11,01:18,,,01:27,01:36,,,01:52,01:58,,,
Mira Road,01:12,01:16,01:23,,,01:32,01:41,,,01:57,02:03,,,
Bhayandar,01:17,01:23,01:29,,,01:37,01:48,,,02:03,02:08,,,
Naigaon,01:23,,,,,01:43,,,,,02:14,,,
Vasai Road,01:28,,,,,01:48,,,,,02:19,,,
Nalla Sopara,01:33,,,,,01:53,,,,,02:24,,,
VIRAR,01:40,,,,,02:00,,,,,02:30,,,
